[{"model": "admin.logentry", "pk": 1, "fields": {"action_time": "2024-10-23T11:32:29.429Z", "user": 1, "content_type": 6, "object_id": "2", "object_repr": "customer1@gmail.com", "action_flag": 2, "change_message": "[{\"changed\": {\"fields\": [\"Is active\"]}}]"}}, {"model": "admin.logentry", "pk": 2, "fields": {"action_time": "2024-10-23T11:35:59.028Z", "user": 1, "content_type": 6, "object_id": "3", "object_repr": "customer2@gmail.com", "action_flag": 2, "change_message": "[{\"changed\": {\"fields\": [\"Is active\"]}}]"}}, {"model": "admin.logentry", "pk": 3, "fields": {"action_time": "2024-10-23T11:37:02.618Z", "user": 1, "content_type": 6, "object_id": "4", "object_repr": "restaurant1@gmail.com", "action_flag": 2, "change_message": "[{\"changed\": {\"fields\": [\"Is active\"]}}]"}}, {"model": "admin.logentry", "pk": 4, "fields": {"action_time": "2024-10-23T11:37:10.309Z", "user": 1, "content_type": 8, "object_id": "1", "object_repr": "Restaurant-ABC", "action_flag": 2, "change_message": "[{\"changed\": {\"fields\": [\"Is approved\"]}}]"}}, {"model": "admin.logentry", "pk": 5, "fields": {"action_time": "2024-10-23T11:45:42.622Z", "user": 1, "content_type": 6, "object_id": "5", "object_repr": "restaurant2@gmail.com", "action_flag": 2, "change_message": "[{\"changed\": {\"fields\": [\"Is active\"]}}]"}}, {"model": "admin.logentry", "pk": 6, "fields": {"action_time": "2024-10-23T11:45:53.923Z", "user": 1, "content_type": 8, "object_id": "2", "object_repr": "Restaurant-XYZ", "action_flag": 2, "change_message": "[{\"changed\": {\"fields\": [\"Is approved\"]}}]"}}, {"model": "admin.logentry", "pk": 7, "fields": {"action_time": "2024-10-23T11:46:50.838Z", "user": 1, "content_type": 6, "object_id": "6", "object_repr": "restaurant3@gmail.com", "action_flag": 2, "change_message": "[{\"changed\": {\"fields\": [\"First name\", \"Is active\"]}}]"}}, {"model": "admin.logentry", "pk": 8, "fields": {"action_time": "2024-10-23T11:47:34.425Z", "user": 1, "content_type": 6, "object_id": "7", "object_repr": "restaurant4@gmail.com", "action_flag": 2, "change_message": "[{\"changed\": {\"fields\": [\"Is active\"]}}]"}}, {"model": "admin.logentry", "pk": 9, "fields": {"action_time": "2024-10-23T11:47:44.387Z", "user": 1, "content_type": 8, "object_id": "4", "object_repr": "Fourth Restaurant", "action_flag": 2, "change_message": "[{\"changed\": {\"fields\": [\"Is approved\"]}}]"}}, {"model": "admin.logentry", "pk": 10, "fields": {"action_time": "2024-10-23T11:47:48.166Z", "user": 1, "content_type": 8, "object_id": "3", "object_repr": "Restaurant-QRS", "action_flag": 2, "change_message": "[{\"changed\": {\"fields\": [\"Is approved\"]}}]"}}, {"model": "admin.logentry", "pk": 11, "fields": {"action_time": "2024-10-23T11:48:27.824Z", "user": 1, "content_type": 6, "object_id": "8", "object_repr": "restaurant5@gmail.com", "action_flag": 2, "change_message": "[{\"changed\": {\"fields\": [\"Is active\"]}}]"}}, {"model": "admin.logentry", "pk": 12, "fields": {"action_time": "2024-10-23T11:48:37.509Z", "user": 1, "content_type": 8, "object_id": "5", "object_repr": "Fifth Restaurant", "action_flag": 2, "change_message": "[{\"changed\": {\"fields\": [\"Is approved\"]}}]"}}, {"model": "admin.logentry", "pk": 13, "fields": {"action_time": "2024-10-23T15:08:58.038Z", "user": 1, "content_type": 7, "object_id": "5", "object_repr": "restaurant2@gmail.com", "action_flag": 2, "change_message": "[]"}}, {"model": "admin.logentry", "pk": 14, "fields": {"action_time": "2024-10-23T15:11:42.184Z", "user": 1, "content_type": 7, "object_id": "6", "object_repr": "restaurant3@gmail.com", "action_flag": 2, "change_message": "[]"}}, {"model": "admin.logentry", "pk": 15, "fields": {"action_time": "2024-10-23T15:15:41.915Z", "user": 1, "content_type": 7, "object_id": "8", "object_repr": "restaurant5@gmail.com", "action_flag": 2, "change_message": "[]"}}, {"model": "admin.logentry", "pk": 16, "fields": {"action_time": "2024-10-23T15:15:47.409Z", "user": 1, "content_type": 7, "object_id": "7", "object_repr": "restaurant4@gmail.com", "action_flag": 2, "change_message": "[]"}}, {"model": "admin.logentry", "pk": 17, "fields": {"action_time": "2024-10-23T15:16:28.768Z", "user": 1, "content_type": 7, "object_id": "4", "object_repr": "restaurant1@gmail.com", "action_flag": 2, "change_message": "[]"}}, {"model": "admin.logentry", "pk": 18, "fields": {"action_time": "2024-10-23T15:16:37.013Z", "user": 1, "content_type": 7, "object_id": "3", "object_repr": "customer2@gmail.com", "action_flag": 2, "change_message": "[]"}}, {"model": "admin.logentry", "pk": 19, "fields": {"action_time": "2024-10-24T08:15:53.697Z", "user": 1, "content_type": 12, "object_id": "2", "object_repr": "Monday", "action_flag": 1, "change_message": "[{\"added\": {}}]"}}, {"model": "admin.logentry", "pk": 20, "fields": {"action_time": "2024-10-24T10:02:09.432Z", "user": 1, "content_type": 12, "object_id": "2", "object_repr": "Monday", "action_flag": 3, "change_message": ""}}, {"model": "admin.logentry", "pk": 21, "fields": {"action_time": "2024-10-24T10:02:09.432Z", "user": 1, "content_type": 12, "object_id": "7", "object_repr": "Tuesday", "action_flag": 3, "change_message": ""}}, {"model": "admin.logentry", "pk": 22, "fields": {"action_time": "2024-10-24T10:02:09.432Z", "user": 1, "content_type": 12, "object_id": "3", "object_repr": "Wednesday", "action_flag": 3, "change_message": ""}}, {"model": "admin.logentry", "pk": 23, "fields": {"action_time": "2024-10-24T10:02:09.432Z", "user": 1, "content_type": 12, "object_id": "6", "object_repr": "Thursday", "action_flag": 3, "change_message": ""}}, {"model": "admin.logentry", "pk": 24, "fields": {"action_time": "2024-10-24T10:11:33.991Z", "user": 1, "content_type": 12, "object_id": "12", "object_repr": "Monday", "action_flag": 3, "change_message": ""}}, {"model": "admin.logentry", "pk": 25, "fields": {"action_time": "2024-10-24T10:11:33.991Z", "user": 1, "content_type": 12, "object_id": "10", "object_repr": "Tuesday", "action_flag": 3, "change_message": ""}}, {"model": "admin.logentry", "pk": 26, "fields": {"action_time": "2024-10-24T10:11:33.991Z", "user": 1, "content_type": 12, "object_id": "11", "object_repr": "Wednesday", "action_flag": 3, "change_message": ""}}, {"model": "admin.logentry", "pk": 27, "fields": {"action_time": "2024-10-24T10:11:33.991Z", "user": 1, "content_type": 12, "object_id": "9", "object_repr": "Wednesday", "action_flag": 3, "change_message": ""}}, {"model": "admin.logentry", "pk": 28, "fields": {"action_time": "2024-10-24T10:11:33.991Z", "user": 1, "content_type": 12, "object_id": "8", "object_repr": "Wednesday", "action_flag": 3, "change_message": ""}}, {"model": "admin.logentry", "pk": 29, "fields": {"action_time": "2024-10-24T10:11:33.991Z", "user": 1, "content_type": 12, "object_id": "5", "object_repr": "Friday", "action_flag": 3, "change_message": ""}}, {"model": "admin.logentry", "pk": 30, "fields": {"action_time": "2024-10-24T10:11:33.991Z", "user": 1, "content_type": 12, "object_id": "4", "object_repr": "Saturday", "action_flag": 3, "change_message": ""}}, {"model": "admin.logentry", "pk": 31, "fields": {"action_time": "2024-10-24T10:11:33.991Z", "user": 1, "content_type": 12, "object_id": "13", "object_repr": "Sunday", "action_flag": 3, "change_message": ""}}, {"model": "admin.logentry", "pk": 32, "fields": {"action_time": "2024-10-24T14:41:23.174Z", "user": 1, "content_type": 13, "object_id": "1", "object_repr": "CGST", "action_flag": 1, "change_message": "[{\"added\": {}}]"}}, {"model": "admin.logentry", "pk": 33, "fields": {"action_time": "2024-10-24T14:41:36.788Z", "user": 1, "content_type": 13, "object_id": "2", "object_repr": "SCST", "action_flag": 1, "change_message": "[{\"added\": {}}]"}}, {"model": "admin.logentry", "pk": 34, "fields": {"action_time": "2024-10-26T11:23:23.669Z", "user": 1, "content_type": 14, "object_id": "32", "object_repr": "20241026164032", "action_flag": 3, "change_message": ""}}, {"model": "admin.logentry", "pk": 35, "fields": {"action_time": "2024-10-26T11:23:23.669Z", "user": 1, "content_type": 14, "object_id": "31", "object_repr": "20241026121731", "action_flag": 3, "change_message": ""}}, {"model": "admin.logentry", "pk": 36, "fields": {"action_time": "2024-10-26T11:23:23.669Z", "user": 1, "content_type": 14, "object_id": "30", "object_repr": "20241025225230", "action_flag": 3, "change_message": ""}}, {"model": "admin.logentry", "pk": 37, "fields": {"action_time": "2024-10-26T11:23:23.669Z", "user": 1, "content_type": 14, "object_id": "29", "object_repr": "20241025225129", "action_flag": 3, "change_message": ""}}, {"model": "admin.logentry", "pk": 38, "fields": {"action_time": "2024-10-26T11:23:23.669Z", "user": 1, "content_type": 14, "object_id": "28", "object_repr": "20241025224928", "action_flag": 3, "change_message": ""}}, {"model": "admin.logentry", "pk": 39, "fields": {"action_time": "2024-10-26T11:23:23.670Z", "user": 1, "content_type": 14, "object_id": "27", "object_repr": "20241025224327", "action_flag": 3, "change_message": ""}}, {"model": "admin.logentry", "pk": 40, "fields": {"action_time": "2024-10-26T11:23:23.670Z", "user": 1, "content_type": 14, "object_id": "26", "object_repr": "20241025224026", "action_flag": 3, "change_message": ""}}, {"model": "admin.logentry", "pk": 41, "fields": {"action_time": "2024-10-26T11:23:23.670Z", "user": 1, "content_type": 14, "object_id": "25", "object_repr": "20241025223925", "action_flag": 3, "change_message": ""}}, {"model": "admin.logentry", "pk": 42, "fields": {"action_time": "2024-10-26T11:23:23.670Z", "user": 1, "content_type": 14, "object_id": "24", "object_repr": "20241025223124", "action_flag": 3, "change_message": ""}}, {"model": "admin.logentry", "pk": 43, "fields": {"action_time": "2024-10-26T11:23:23.670Z", "user": 1, "content_type": 14, "object_id": "23", "object_repr": "20241025222323", "action_flag": 3, "change_message": ""}}, {"model": "admin.logentry", "pk": 44, "fields": {"action_time": "2024-10-26T11:23:23.670Z", "user": 1, "content_type": 14, "object_id": "22", "object_repr": "20241025220022", "action_flag": 3, "change_message": ""}}, {"model": "admin.logentry", "pk": 45, "fields": {"action_time": "2024-10-26T11:23:23.670Z", "user": 1, "content_type": 14, "object_id": "21", "object_repr": "20241025215121", "action_flag": 3, "change_message": ""}}, {"model": "admin.logentry", "pk": 46, "fields": {"action_time": "2024-10-26T11:23:23.670Z", "user": 1, "content_type": 14, "object_id": "20", "object_repr": "20241025214920", "action_flag": 3, "change_message": ""}}, {"model": "admin.logentry", "pk": 47, "fields": {"action_time": "2024-10-26T11:23:23.670Z", "user": 1, "content_type": 14, "object_id": "19", "object_repr": "20241025213719", "action_flag": 3, "change_message": ""}}, {"model": "admin.logentry", "pk": 48, "fields": {"action_time": "2024-10-26T11:23:23.670Z", "user": 1, "content_type": 14, "object_id": "18", "object_repr": "20241025200418", "action_flag": 3, "change_message": ""}}, {"model": "admin.logentry", "pk": 49, "fields": {"action_time": "2024-10-26T11:23:23.670Z", "user": 1, "content_type": 14, "object_id": "17", "object_repr": "20241025200417", "action_flag": 3, "change_message": ""}}, {"model": "admin.logentry", "pk": 50, "fields": {"action_time": "2024-10-26T11:23:23.670Z", "user": 1, "content_type": 14, "object_id": "16", "object_repr": "20241025200416", "action_flag": 3, "change_message": ""}}, {"model": "admin.logentry", "pk": 51, "fields": {"action_time": "2024-10-26T11:23:23.670Z", "user": 1, "content_type": 14, "object_id": "15", "object_repr": "20241025200215", "action_flag": 3, "change_message": ""}}, {"model": "admin.logentry", "pk": 52, "fields": {"action_time": "2024-10-26T11:23:23.670Z", "user": 1, "content_type": 14, "object_id": "14", "object_repr": "20241025200114", "action_flag": 3, "change_message": ""}}, {"model": "admin.logentry", "pk": 53, "fields": {"action_time": "2024-10-26T11:23:23.670Z", "user": 1, "content_type": 14, "object_id": "13", "object_repr": "20241025200113", "action_flag": 3, "change_message": ""}}, {"model": "admin.logentry", "pk": 54, "fields": {"action_time": "2024-10-26T11:23:23.670Z", "user": 1, "content_type": 14, "object_id": "12", "object_repr": "20241025200112", "action_flag": 3, "change_message": ""}}, {"model": "admin.logentry", "pk": 55, "fields": {"action_time": "2024-10-26T11:23:23.670Z", "user": 1, "content_type": 14, "object_id": "11", "object_repr": "20241025200011", "action_flag": 3, "change_message": ""}}, {"model": "admin.logentry", "pk": 56, "fields": {"action_time": "2024-10-26T11:23:23.670Z", "user": 1, "content_type": 14, "object_id": "10", "object_repr": "20241025195610", "action_flag": 3, "change_message": ""}}, {"model": "admin.logentry", "pk": 57, "fields": {"action_time": "2024-10-26T11:23:23.670Z", "user": 1, "content_type": 14, "object_id": "9", "object_repr": "2024102519559", "action_flag": 3, "change_message": ""}}, {"model": "admin.logentry", "pk": 58, "fields": {"action_time": "2024-10-26T11:23:23.670Z", "user": 1, "content_type": 14, "object_id": "8", "object_repr": "2024102519558", "action_flag": 3, "change_message": ""}}, {"model": "admin.logentry", "pk": 59, "fields": {"action_time": "2024-10-26T11:23:23.670Z", "user": 1, "content_type": 14, "object_id": "7", "object_repr": "2024102519537", "action_flag": 3, "change_message": ""}}, {"model": "admin.logentry", "pk": 60, "fields": {"action_time": "2024-10-26T11:23:23.670Z", "user": 1, "content_type": 14, "object_id": "6", "object_repr": "2024102519496", "action_flag": 3, "change_message": ""}}, {"model": "admin.logentry", "pk": 61, "fields": {"action_time": "2024-10-26T11:23:23.670Z", "user": 1, "content_type": 14, "object_id": "5", "object_repr": "2024102519455", "action_flag": 3, "change_message": ""}}, {"model": "admin.logentry", "pk": 62, "fields": {"action_time": "2024-10-26T11:23:23.670Z", "user": 1, "content_type": 14, "object_id": "4", "object_repr": "2024102519444", "action_flag": 3, "change_message": ""}}, {"model": "admin.logentry", "pk": 63, "fields": {"action_time": "2024-10-26T11:23:23.670Z", "user": 1, "content_type": 14, "object_id": "3", "object_repr": "2024102518133", "action_flag": 3, "change_message": ""}}, {"model": "admin.logentry", "pk": 64, "fields": {"action_time": "2024-10-26T11:23:23.670Z", "user": 1, "content_type": 14, "object_id": "2", "object_repr": "2024102515252", "action_flag": 3, "change_message": ""}}, {"model": "admin.logentry", "pk": 65, "fields": {"action_time": "2024-10-26T11:23:23.670Z", "user": 1, "content_type": 14, "object_id": "1", "object_repr": "123", "action_flag": 3, "change_message": ""}}, {"model": "admin.logentry", "pk": 66, "fields": {"action_time": "2024-10-26T11:28:39.600Z", "user": 1, "content_type": 15, "object_id": "15", "object_repr": "32K80299RP350470U", "action_flag": 3, "change_message": ""}}, {"model": "admin.logentry", "pk": 67, "fields": {"action_time": "2024-10-26T11:28:39.600Z", "user": 1, "content_type": 15, "object_id": "14", "object_repr": "5GP47244LL975805Y", "action_flag": 3, "change_message": ""}}, {"model": "admin.logentry", "pk": 68, "fields": {"action_time": "2024-10-26T11:28:39.600Z", "user": 1, "content_type": 15, "object_id": "13", "object_repr": "8AF742343X9830539", "action_flag": 3, "change_message": ""}}, {"model": "admin.logentry", "pk": 69, "fields": {"action_time": "2024-10-26T11:28:39.600Z", "user": 1, "content_type": 15, "object_id": "12", "object_repr": "0RH96319L05759911", "action_flag": 3, "change_message": ""}}, {"model": "admin.logentry", "pk": 70, "fields": {"action_time": "2024-10-26T11:28:39.600Z", "user": 1, "content_type": 15, "object_id": "11", "object_repr": "5DT12299PF699081F", "action_flag": 3, "change_message": ""}}, {"model": "admin.logentry", "pk": 71, "fields": {"action_time": "2024-10-26T11:28:39.600Z", "user": 1, "content_type": 15, "object_id": "10", "object_repr": "64382159U3498133W", "action_flag": 3, "change_message": ""}}, {"model": "admin.logentry", "pk": 72, "fields": {"action_time": "2024-10-26T11:28:39.600Z", "user": 1, "content_type": 15, "object_id": "9", "object_repr": "2F374218JM620070N", "action_flag": 3, "change_message": ""}}, {"model": "admin.logentry", "pk": 73, "fields": {"action_time": "2024-10-26T11:28:39.600Z", "user": 1, "content_type": 15, "object_id": "8", "object_repr": "2HD91469D5596300B", "action_flag": 3, "change_message": ""}}, {"model": "admin.logentry", "pk": 74, "fields": {"action_time": "2024-10-26T11:28:39.600Z", "user": 1, "content_type": 15, "object_id": "7", "object_repr": "5B798719PG8555544", "action_flag": 3, "change_message": ""}}, {"model": "admin.logentry", "pk": 75, "fields": {"action_time": "2024-10-26T11:28:39.600Z", "user": 1, "content_type": 15, "object_id": "6", "object_repr": "4BY91912BG5750506", "action_flag": 3, "change_message": ""}}, {"model": "admin.logentry", "pk": 76, "fields": {"action_time": "2024-10-26T11:28:39.600Z", "user": 1, "content_type": 15, "object_id": "5", "object_repr": "0BG47158C23757149", "action_flag": 3, "change_message": ""}}, {"model": "admin.logentry", "pk": 77, "fields": {"action_time": "2024-10-26T11:28:39.600Z", "user": 1, "content_type": 15, "object_id": "4", "object_repr": "4UL181378A968041L", "action_flag": 3, "change_message": ""}}, {"model": "admin.logentry", "pk": 78, "fields": {"action_time": "2024-10-26T11:28:39.600Z", "user": 1, "content_type": 15, "object_id": "3", "object_repr": "05X3767777143743D", "action_flag": 3, "change_message": ""}}, {"model": "admin.logentry", "pk": 79, "fields": {"action_time": "2024-10-26T11:28:39.600Z", "user": 1, "content_type": 15, "object_id": "2", "object_repr": "88985247D9817230X", "action_flag": 3, "change_message": ""}}, {"model": "admin.logentry", "pk": 80, "fields": {"action_time": "2024-10-26T11:28:39.600Z", "user": 1, "content_type": 15, "object_id": "1", "object_repr": "7WW92392YB717625A", "action_flag": 3, "change_message": ""}}, {"model": "admin.logentry", "pk": 81, "fields": {"action_time": "2024-10-26T11:35:31.193Z", "user": 1, "content_type": 14, "object_id": "33", "object_repr": "20241026165933", "action_flag": 2, "change_message": "[{\"changed\": {\"fields\": [\"Vendors\"]}}]"}}, {"model": "admin.logentry", "pk": 82, "fields": {"action_time": "2024-10-26T11:35:38.477Z", "user": 1, "content_type": 14, "object_id": "34", "object_repr": "20241026170134", "action_flag": 2, "change_message": "[{\"changed\": {\"fields\": [\"Vendors\"]}}]"}}, {"model": "admin.logentry", "pk": 83, "fields": {"action_time": "2024-10-26T11:35:46.891Z", "user": 1, "content_type": 14, "object_id": "35", "object_repr": "20241026170335", "action_flag": 2, "change_message": "[{\"changed\": {\"fields\": [\"Vendors\"]}}]"}}, {"model": "admin.logentry", "pk": 84, "fields": {"action_time": "2024-10-26T15:22:33.426Z", "user": 1, "content_type": 14, "object_id": "48", "object_repr": "20241026193748", "action_flag": 3, "change_message": ""}}, {"model": "admin.logentry", "pk": 85, "fields": {"action_time": "2024-10-26T15:22:33.426Z", "user": 1, "content_type": 14, "object_id": "47", "object_repr": "20241026193747", "action_flag": 3, "change_message": ""}}, {"model": "admin.logentry", "pk": 86, "fields": {"action_time": "2024-10-26T15:22:33.426Z", "user": 1, "content_type": 14, "object_id": "46", "object_repr": "20241026193646", "action_flag": 3, "change_message": ""}}, {"model": "admin.logentry", "pk": 87, "fields": {"action_time": "2024-10-26T15:22:33.426Z", "user": 1, "content_type": 14, "object_id": "45", "object_repr": "20241026193545", "action_flag": 3, "change_message": ""}}, {"model": "admin.logentry", "pk": 88, "fields": {"action_time": "2024-10-26T15:22:33.426Z", "user": 1, "content_type": 14, "object_id": "44", "object_repr": "20241026193344", "action_flag": 3, "change_message": ""}}, {"model": "admin.logentry", "pk": 89, "fields": {"action_time": "2024-10-26T15:22:33.426Z", "user": 1, "content_type": 14, "object_id": "43", "object_repr": "20241026192943", "action_flag": 3, "change_message": ""}}, {"model": "admin.logentry", "pk": 90, "fields": {"action_time": "2024-10-26T15:22:33.426Z", "user": 1, "content_type": 14, "object_id": "42", "object_repr": "20241026192842", "action_flag": 3, "change_message": ""}}, {"model": "admin.logentry", "pk": 91, "fields": {"action_time": "2024-10-26T15:22:33.426Z", "user": 1, "content_type": 14, "object_id": "41", "object_repr": "20241026191241", "action_flag": 3, "change_message": ""}}, {"model": "admin.logentry", "pk": 92, "fields": {"action_time": "2024-10-26T15:22:33.426Z", "user": 1, "content_type": 14, "object_id": "40", "object_repr": "20241026191140", "action_flag": 3, "change_message": ""}}, {"model": "admin.logentry", "pk": 93, "fields": {"action_time": "2024-10-26T15:22:33.426Z", "user": 1, "content_type": 14, "object_id": "39", "object_repr": "20241026190939", "action_flag": 3, "change_message": ""}}, {"model": "admin.logentry", "pk": 94, "fields": {"action_time": "2024-10-26T15:22:33.426Z", "user": 1, "content_type": 14, "object_id": "38", "object_repr": "20241026190538", "action_flag": 3, "change_message": ""}}, {"model": "admin.logentry", "pk": 95, "fields": {"action_time": "2024-10-26T15:22:33.426Z", "user": 1, "content_type": 14, "object_id": "37", "object_repr": "20241026190437", "action_flag": 3, "change_message": ""}}, {"model": "admin.logentry", "pk": 96, "fields": {"action_time": "2024-10-26T15:40:20.944Z", "user": 1, "content_type": 14, "object_id": "35", "object_repr": "20241026170335", "action_flag": 3, "change_message": ""}}, {"model": "admin.logentry", "pk": 97, "fields": {"action_time": "2024-10-26T15:40:20.944Z", "user": 1, "content_type": 14, "object_id": "34", "object_repr": "20241026170134", "action_flag": 3, "change_message": ""}}, {"model": "admin.logentry", "pk": 98, "fields": {"action_time": "2024-10-26T15:40:20.944Z", "user": 1, "content_type": 14, "object_id": "33", "object_repr": "20241026165933", "action_flag": 3, "change_message": ""}}, {"model": "admin.logentry", "pk": 99, "fields": {"action_time": "2024-10-28T06:43:27.769Z", "user": 1, "content_type": 6, "object_id": "9", "object_repr": "navneet.yt57@gmail.com", "action_flag": 3, "change_message": ""}}, {"model": "admin.logentry", "pk": 100, "fields": {"action_time": "2024-10-28T06:49:56.614Z", "user": 1, "content_type": 6, "object_id": "10", "object_repr": "navneet.yt57@gmail.com", "action_flag": 3, "change_message": ""}}, {"model": "admin.logentry", "pk": 101, "fields": {"action_time": "2024-10-28T06:52:03.964Z", "user": 1, "content_type": 6, "object_id": "11", "object_repr": "navneet.yt57@gmail.com", "action_flag": 3, "change_message": ""}}, {"model": "admin.logentry", "pk": 102, "fields": {"action_time": "2024-10-28T06:54:29.123Z", "user": 1, "content_type": 6, "object_id": "12", "object_repr": "navneet.yt57@gmail.com", "action_flag": 3, "change_message": ""}}, {"model": "admin.logentry", "pk": 103, "fields": {"action_time": "2024-10-28T06:55:32.259Z", "user": 1, "content_type": 6, "object_id": "13", "object_repr": "navneet.yt57@gmail.com", "action_flag": 3, "change_message": ""}}, {"model": "admin.logentry", "pk": 104, "fields": {"action_time": "2024-10-28T08:01:53.621Z", "user": 1, "content_type": 6, "object_id": "4", "object_repr": "navneet.singh57@outlook.com", "action_flag": 2, "change_message": "[{\"changed\": {\"fields\": [\"Email\"]}}]"}}, {"model": "auth.permission", "pk": 1, "fields": {"name": "Can add log entry", "content_type": 1, "codename": "add_logentry"}}, {"model": "auth.permission", "pk": 2, "fields": {"name": "Can change log entry", "content_type": 1, "codename": "change_logentry"}}, {"model": "auth.permission", "pk": 3, "fields": {"name": "Can delete log entry", "content_type": 1, "codename": "delete_logentry"}}, {"model": "auth.permission", "pk": 4, "fields": {"name": "Can view log entry", "content_type": 1, "codename": "view_logentry"}}, {"model": "auth.permission", "pk": 5, "fields": {"name": "Can add permission", "content_type": 2, "codename": "add_permission"}}, {"model": "auth.permission", "pk": 6, "fields": {"name": "Can change permission", "content_type": 2, "codename": "change_permission"}}, {"model": "auth.permission", "pk": 7, "fields": {"name": "Can delete permission", "content_type": 2, "codename": "delete_permission"}}, {"model": "auth.permission", "pk": 8, "fields": {"name": "Can view permission", "content_type": 2, "codename": "view_permission"}}, {"model": "auth.permission", "pk": 9, "fields": {"name": "Can add group", "content_type": 3, "codename": "add_group"}}, {"model": "auth.permission", "pk": 10, "fields": {"name": "Can change group", "content_type": 3, "codename": "change_group"}}, {"model": "auth.permission", "pk": 11, "fields": {"name": "Can delete group", "content_type": 3, "codename": "delete_group"}}, {"model": "auth.permission", "pk": 12, "fields": {"name": "Can view group", "content_type": 3, "codename": "view_group"}}, {"model": "auth.permission", "pk": 13, "fields": {"name": "Can add content type", "content_type": 4, "codename": "add_contenttype"}}, {"model": "auth.permission", "pk": 14, "fields": {"name": "Can change content type", "content_type": 4, "codename": "change_contenttype"}}, {"model": "auth.permission", "pk": 15, "fields": {"name": "Can delete content type", "content_type": 4, "codename": "delete_contenttype"}}, {"model": "auth.permission", "pk": 16, "fields": {"name": "Can view content type", "content_type": 4, "codename": "view_contenttype"}}, {"model": "auth.permission", "pk": 17, "fields": {"name": "Can add session", "content_type": 5, "codename": "add_session"}}, {"model": "auth.permission", "pk": 18, "fields": {"name": "Can change session", "content_type": 5, "codename": "change_session"}}, {"model": "auth.permission", "pk": 19, "fields": {"name": "Can delete session", "content_type": 5, "codename": "delete_session"}}, {"model": "auth.permission", "pk": 20, "fields": {"name": "Can view session", "content_type": 5, "codename": "view_session"}}, {"model": "auth.permission", "pk": 21, "fields": {"name": "Can add user", "content_type": 6, "codename": "add_user"}}, {"model": "auth.permission", "pk": 22, "fields": {"name": "Can change user", "content_type": 6, "codename": "change_user"}}, {"model": "auth.permission", "pk": 23, "fields": {"name": "Can delete user", "content_type": 6, "codename": "delete_user"}}, {"model": "auth.permission", "pk": 24, "fields": {"name": "Can view user", "content_type": 6, "codename": "view_user"}}, {"model": "auth.permission", "pk": 25, "fields": {"name": "Can add user profile", "content_type": 7, "codename": "add_userprofile"}}, {"model": "auth.permission", "pk": 26, "fields": {"name": "Can change user profile", "content_type": 7, "codename": "change_userprofile"}}, {"model": "auth.permission", "pk": 27, "fields": {"name": "Can delete user profile", "content_type": 7, "codename": "delete_userprofile"}}, {"model": "auth.permission", "pk": 28, "fields": {"name": "Can view user profile", "content_type": 7, "codename": "view_userprofile"}}, {"model": "auth.permission", "pk": 29, "fields": {"name": "Can add vendor", "content_type": 8, "codename": "add_vendor"}}, {"model": "auth.permission", "pk": 30, "fields": {"name": "Can change vendor", "content_type": 8, "codename": "change_vendor"}}, {"model": "auth.permission", "pk": 31, "fields": {"name": "Can delete vendor", "content_type": 8, "codename": "delete_vendor"}}, {"model": "auth.permission", "pk": 32, "fields": {"name": "Can view vendor", "content_type": 8, "codename": "view_vendor"}}, {"model": "auth.permission", "pk": 33, "fields": {"name": "Can add category", "content_type": 9, "codename": "add_category"}}, {"model": "auth.permission", "pk": 34, "fields": {"name": "Can change category", "content_type": 9, "codename": "change_category"}}, {"model": "auth.permission", "pk": 35, "fields": {"name": "Can delete category", "content_type": 9, "codename": "delete_category"}}, {"model": "auth.permission", "pk": 36, "fields": {"name": "Can view category", "content_type": 9, "codename": "view_category"}}, {"model": "auth.permission", "pk": 37, "fields": {"name": "Can add food item", "content_type": 10, "codename": "add_fooditem"}}, {"model": "auth.permission", "pk": 38, "fields": {"name": "Can change food item", "content_type": 10, "codename": "change_fooditem"}}, {"model": "auth.permission", "pk": 39, "fields": {"name": "Can delete food item", "content_type": 10, "codename": "delete_fooditem"}}, {"model": "auth.permission", "pk": 40, "fields": {"name": "Can view food item", "content_type": 10, "codename": "view_fooditem"}}, {"model": "auth.permission", "pk": 41, "fields": {"name": "Can add cart", "content_type": 11, "codename": "add_cart"}}, {"model": "auth.permission", "pk": 42, "fields": {"name": "Can change cart", "content_type": 11, "codename": "change_cart"}}, {"model": "auth.permission", "pk": 43, "fields": {"name": "Can delete cart", "content_type": 11, "codename": "delete_cart"}}, {"model": "auth.permission", "pk": 44, "fields": {"name": "Can view cart", "content_type": 11, "codename": "view_cart"}}, {"model": "auth.permission", "pk": 45, "fields": {"name": "Can add opening hour", "content_type": 12, "codename": "add_openinghour"}}, {"model": "auth.permission", "pk": 46, "fields": {"name": "Can change opening hour", "content_type": 12, "codename": "change_openinghour"}}, {"model": "auth.permission", "pk": 47, "fields": {"name": "Can delete opening hour", "content_type": 12, "codename": "delete_openinghour"}}, {"model": "auth.permission", "pk": 48, "fields": {"name": "Can view opening hour", "content_type": 12, "codename": "view_openinghour"}}, {"model": "auth.permission", "pk": 49, "fields": {"name": "Can add tax", "content_type": 13, "codename": "add_tax"}}, {"model": "auth.permission", "pk": 50, "fields": {"name": "Can change tax", "content_type": 13, "codename": "change_tax"}}, {"model": "auth.permission", "pk": 51, "fields": {"name": "Can delete tax", "content_type": 13, "codename": "delete_tax"}}, {"model": "auth.permission", "pk": 52, "fields": {"name": "Can view tax", "content_type": 13, "codename": "view_tax"}}, {"model": "auth.permission", "pk": 53, "fields": {"name": "Can add order", "content_type": 14, "codename": "add_order"}}, {"model": "auth.permission", "pk": 54, "fields": {"name": "Can change order", "content_type": 14, "codename": "change_order"}}, {"model": "auth.permission", "pk": 55, "fields": {"name": "Can delete order", "content_type": 14, "codename": "delete_order"}}, {"model": "auth.permission", "pk": 56, "fields": {"name": "Can view order", "content_type": 14, "codename": "view_order"}}, {"model": "auth.permission", "pk": 57, "fields": {"name": "Can add payment", "content_type": 15, "codename": "add_payment"}}, {"model": "auth.permission", "pk": 58, "fields": {"name": "Can change payment", "content_type": 15, "codename": "change_payment"}}, {"model": "auth.permission", "pk": 59, "fields": {"name": "Can delete payment", "content_type": 15, "codename": "delete_payment"}}, {"model": "auth.permission", "pk": 60, "fields": {"name": "Can view payment", "content_type": 15, "codename": "view_payment"}}, {"model": "auth.permission", "pk": 61, "fields": {"name": "Can add ordered food", "content_type": 16, "codename": "add_orderedfood"}}, {"model": "auth.permission", "pk": 62, "fields": {"name": "Can change ordered food", "content_type": 16, "codename": "change_orderedfood"}}, {"model": "auth.permission", "pk": 63, "fields": {"name": "Can delete ordered food", "content_type": 16, "codename": "delete_orderedfood"}}, {"model": "auth.permission", "pk": 64, "fields": {"name": "Can view ordered food", "content_type": 16, "codename": "view_orderedfood"}}, {"model": "contenttypes.contenttype", "pk": 1, "fields": {"app_label": "admin", "model": "logentry"}}, {"model": "contenttypes.contenttype", "pk": 2, "fields": {"app_label": "auth", "model": "permission"}}, {"model": "contenttypes.contenttype", "pk": 3, "fields": {"app_label": "auth", "model": "group"}}, {"model": "contenttypes.contenttype", "pk": 4, "fields": {"app_label": "contenttypes", "model": "contenttype"}}, {"model": "contenttypes.contenttype", "pk": 5, "fields": {"app_label": "sessions", "model": "session"}}, {"model": "contenttypes.contenttype", "pk": 6, "fields": {"app_label": "accounts", "model": "user"}}, {"model": "contenttypes.contenttype", "pk": 7, "fields": {"app_label": "accounts", "model": "userprofile"}}, {"model": "contenttypes.contenttype", "pk": 8, "fields": {"app_label": "vendor", "model": "vendor"}}, {"model": "contenttypes.contenttype", "pk": 9, "fields": {"app_label": "menu", "model": "category"}}, {"model": "contenttypes.contenttype", "pk": 10, "fields": {"app_label": "menu", "model": "fooditem"}}, {"model": "contenttypes.contenttype", "pk": 11, "fields": {"app_label": "marketplace", "model": "cart"}}, {"model": "contenttypes.contenttype", "pk": 12, "fields": {"app_label": "vendor", "model": "openinghour"}}, {"model": "contenttypes.contenttype", "pk": 13, "fields": {"app_label": "marketplace", "model": "tax"}}, {"model": "contenttypes.contenttype", "pk": 14, "fields": {"app_label": "orders", "model": "order"}}, {"model": "contenttypes.contenttype", "pk": 15, "fields": {"app_label": "orders", "model": "payment"}}, {"model": "contenttypes.contenttype", "pk": 16, "fields": {"app_label": "orders", "model": "orderedfood"}}, {"model": "sessions.session", "pk": "ivljljlsjit88yvd0mq7rbmja5wa9orx", "fields": {"session_data": ".eJxVjMsOwiAQRf-FtSE8CoJL935DMwMzUjWQlHZl_HdD0oVu7znnvsUM-1bmvdM6L1lchBGn3w0hPakOkB9Q702mVrd1QTkUedAuby3T63q4fwcFehk1Gm-TjiHqpE1Anhgxs9KOgUgxeM3egqdztNpnZYPK7HBSRAjOWfH5AvxjOIQ:1t4ikU:NKZCNEl_Io8FomLJdJbxoLP_z-NqCCqs4C3MT6saFDE", "expire_date": "2024-11-09T15:30:42.407Z"}}, {"model": "sessions.session", "pk": "obyvdiif6nwuh571mmqpkv7likflwktk", "fields": {"session_data": ".eJxVjDsOwyAQRO9CHaHlY8Ap0_sMaIElOIlAMnYV5e6xJRdJNdK8N_NmHre1-K3T4ufErkywy28XMD6pHiA9sN4bj62uyxz4ofCTdj61RK_b6f4dFOxlX6MDJ6MQoKQJBCpB0CCiJQ1KByuFoEzZjtYZB1Irk0GbPYeRCGkg9vkCtOQ2zw:1t3ZaU:iB5EZ6vYoUjfSMKN2rbv_gPYcrgH3StSGNl6XMoqO_g", "expire_date": "2024-11-06T11:31:38.250Z"}}, {"model": "accounts.user", "pk": 1, "fields": {"password": "pbkdf2_sha256$870000$1GdossSbOiXa8K5fttXg2a$xkxqaqM8IZOEtY2zavHTSfe/KHDo+NaapvlA1Cghcdk=", "first_name": "Navneet", "last_name": "Singh", "username": "navneet", "email": "navneet.vips57@gmail.com", "phone_number": "", "role": null, "date_joined": "2024-10-23T11:31:14.273Z", "last_login": "2024-10-23T11:31:38.246Z", "created_date": "2024-10-23T11:31:14.274Z", "modified_date": "2024-10-23T11:31:14.283Z", "is_admin": true, "is_staff": true, "is_active": true, "is_superadmin": true}}, {"model": "accounts.user", "pk": 2, "fields": {"password": "pbkdf2_sha256$870000$fkyr4NMhmzvKztW4DGXKV1$TA46RqQOkoXMwsCNJBfFaFYS51CAWc6p4GpdZThg2S0=", "first_name": "Navneet", "last_name": "Gill", "username": "customer1", "email": "customer1@gmail.com", "phone_number": "1234567890", "role": 2, "date_joined": "2024-10-23T11:32:11.968Z", "last_login": "2024-10-26T15:30:42.385Z", "created_date": "2024-10-23T11:32:11.968Z", "modified_date": "2024-10-24T17:08:45.820Z", "is_admin": false, "is_staff": false, "is_active": true, "is_superadmin": false}}, {"model": "accounts.user", "pk": 3, "fields": {"password": "pbkdf2_sha256$870000$bLZh09ec37xz38QUK1QFgn$yVKRXAN34jcMSupY/wx43Ly/d09w02OMnw/hQUrtzWQ=", "first_name": "Customer", "last_name": "2", "username": "customer2", "email": "customer2@gmail.com", "phone_number": "", "role": 2, "date_joined": "2024-10-23T11:35:22.367Z", "last_login": "2024-10-23T11:35:22.367Z", "created_date": "2024-10-23T11:35:22.367Z", "modified_date": "2024-10-23T11:35:59.023Z", "is_admin": false, "is_staff": false, "is_active": true, "is_superadmin": false}}, {"model": "accounts.user", "pk": 4, "fields": {"password": "pbkdf2_sha256$870000$qYS7HCEKlqGequGYoQrRGq$x4dsjTqip0+8V5eLfwMB7JcamKf4lNmcaqqmLhIDPCk=", "first_name": "Restaurant", "last_name": "1", "username": "restaurant1", "email": "navneet.singh57@outlook.com", "phone_number": "", "role": 1, "date_joined": "2024-10-23T11:36:50.484Z", "last_login": "2024-10-26T14:11:12.259Z", "created_date": "2024-10-23T11:36:50.484Z", "modified_date": "2024-10-28T08:01:53.606Z", "is_admin": false, "is_staff": false, "is_active": true, "is_superadmin": false}}, {"model": "accounts.user", "pk": 5, "fields": {"password": "pbkdf2_sha256$870000$mhevbP30LtmqBh9BqCoYNe$uVT5aaht6cRg31JUqCTghmLLMj8rJU36yh/XMZHc5X8=", "first_name": "Restaurant", "last_name": "2", "username": "restaurant2", "email": "restaurant2@gmail.com", "phone_number": "", "role": 1, "date_joined": "2024-10-23T11:45:28.155Z", "last_login": "2024-10-24T12:38:01.727Z", "created_date": "2024-10-23T11:45:28.155Z", "modified_date": "2024-10-23T11:45:42.618Z", "is_admin": false, "is_staff": false, "is_active": true, "is_superadmin": false}}, {"model": "accounts.user", "pk": 6, "fields": {"password": "pbkdf2_sha256$870000$gFlRNH6tmwi6AXuAS7FZwj$3uDIs7rFLRZpRAOezZWQtVr3EsdFwI1Y6f8ocqteDZw=", "first_name": "Restaurant", "last_name": "3", "username": "restaurant3", "email": "restaurant3@gmail.com", "phone_number": "", "role": 1, "date_joined": "2024-10-23T11:46:30.057Z", "last_login": "2024-10-24T12:39:39.856Z", "created_date": "2024-10-23T11:46:30.057Z", "modified_date": "2024-10-23T11:46:50.835Z", "is_admin": false, "is_staff": false, "is_active": true, "is_superadmin": false}}, {"model": "accounts.user", "pk": 7, "fields": {"password": "pbkdf2_sha256$870000$RVd9vLs1ZuWLrwp0nE90LZ$i4ZyFKdYAFsrnd6efP1JlZ2drj2jtLRx5+X8H1kiDv0=", "first_name": "Restaurant", "last_name": "4", "username": "restaurant4", "email": "restaurant4@gmail.com", "phone_number": "", "role": 1, "date_joined": "2024-10-23T11:47:20.248Z", "last_login": "2024-10-24T14:29:52.494Z", "created_date": "2024-10-23T11:47:20.248Z", "modified_date": "2024-10-23T11:47:34.421Z", "is_admin": false, "is_staff": false, "is_active": true, "is_superadmin": false}}, {"model": "accounts.user", "pk": 8, "fields": {"password": "pbkdf2_sha256$870000$JSukvMsHfe6RR2n76GlQfq$sDhHCHNC4tAm8JiIfOiLV+Ehiig7m8O+H8LhvE3SRfM=", "first_name": "Restaurant", "last_name": "5", "username": "restaurant5", "email": "restaurant5@gmail.com", "phone_number": "", "role": 1, "date_joined": "2024-10-23T11:48:10.876Z", "last_login": "2024-10-24T12:42:06.411Z", "created_date": "2024-10-23T11:48:10.876Z", "modified_date": "2024-10-23T11:48:27.820Z", "is_admin": false, "is_staff": false, "is_active": true, "is_superadmin": false}}, {"model": "accounts.user", "pk": 14, "fields": {"password": "pbkdf2_sha256$870000$b2nwXc0Ja3HSwGeUeZTR5A$qXPsCQ/CfGiRhuUtSgWcY5FFyXLF7v0BB516Cjx6pIw=", "first_name": "Navneet", "last_name": "Singh", "username": "navneetsingh57", "email": "navneet.yt57@gmail.com", "phone_number": "1234567890", "role": 2, "date_joined": "2024-10-28T06:55:39.528Z", "last_login": "2024-10-28T09:21:26.069Z", "created_date": "2024-10-28T06:55:39.528Z", "modified_date": "2024-10-28T07:29:27.489Z", "is_admin": false, "is_staff": false, "is_active": true, "is_superadmin": false}}, {"model": "accounts.userprofile", "pk": 1, "fields": {"user": 1, "profile_picture": "", "cover_photo": "", "address": null, "country": null, "state": null, "city": null, "pin_code": null, "latitude": null, "longitude": null, "location": null, "created_at": "2024-10-23T11:31:14.280Z", "modified_at": "2024-10-23T11:31:38.249Z"}}, {"model": "accounts.userprofile", "pk": 2, "fields": {"user": 2, "profile_picture": "user/profle_pictures/download_Ge5YJRK.jpeg", "cover_photo": "user/cover_photo/cover-image_6E2tban.png", "address": "Arjun Nagar, Safdarjung Enclave, New Delhi, Delhi, India", "country": "India", "state": "Delhi", "city": "New Delhi", "pin_code": "110029", "latitude": "28.560589", "longitude": "77.1981184", "location": "SRID=4326;POINT (77.1981184 28.560589)", "created_at": "2024-10-23T11:32:11.971Z", "modified_at": "2024-10-26T15:30:42.403Z"}}, {"model": "accounts.userprofile", "pk": 3, "fields": {"user": 3, "profile_picture": "", "cover_photo": "", "address": null, "country": null, "state": null, "city": null, "pin_code": null, "latitude": null, "longitude": null, "location": null, "created_at": "2024-10-23T11:35:22.370Z", "modified_at": "2024-10-23T15:16:37.012Z"}}, {"model": "accounts.userprofile", "pk": 4, "fields": {"user": 4, "profile_picture": "user/profle_pictures/profile-picture-1_7Wjzzjc.PNG", "cover_photo": "user/cover_photo/cover-photo-1.PNG", "address": "Chattarpur Mandir, Chhatarpur Extension, Chhatarpur, New Delhi, Delhi, India", "country": "India", "state": "Delhi", "city": "New Delhi", "pin_code": "110074", "latitude": "28.5027211", "longitude": "77.1807005", "location": "SRID=4326;POINT (77.1807005 28.5027211)", "created_at": "2024-10-23T11:36:50.485Z", "modified_at": "2024-10-28T08:01:53.618Z"}}, {"model": "accounts.userprofile", "pk": 5, "fields": {"user": 5, "profile_picture": "user/profle_pictures/profile-picture-2_7wMsjeR.PNG", "cover_photo": "user/cover_photo/cover-photo-2_FA58b9y.PNG", "address": "Arjun Nagar, Safdarjung Enclave, New Delhi, Delhi, India", "country": "India", "state": "Delhi", "city": "New Delhi", "pin_code": "110029", "latitude": "28.560589", "longitude": "77.1981184", "location": "SRID=4326;POINT (77.1981184 28.560589)", "created_at": "2024-10-23T11:45:28.158Z", "modified_at": "2024-10-24T12:38:01.741Z"}}, {"model": "accounts.userprofile", "pk": 6, "fields": {"user": 6, "profile_picture": "user/profle_pictures/profile-picture-3_OhGtFDo.PNG", "cover_photo": "user/cover_photo/cover-photo-3_JoBFG1a.PNG", "address": "Rajouri Garden Metro Station (Pink Line), Ring Road, Shivaji Place, Vishal Enclave, Raja Garden, New Delhi, Delhi, India", "country": "India", "state": "Delhi", "city": "New Delhi", "pin_code": "110027", "latitude": "28.6506713", "longitude": "77.12430739999999", "location": "SRID=4326;POINT (77.12430739999999 28.6506713)", "created_at": "2024-10-23T11:46:30.060Z", "modified_at": "2024-10-24T12:39:39.876Z"}}, {"model": "accounts.userprofile", "pk": 7, "fields": {"user": 7, "profile_picture": "user/profle_pictures/profile-picture-4_5garu9q.PNG", "cover_photo": "user/cover_photo/cover-photo-4_5o9UYpv.PNG", "address": "Pitampura TV Tower, Muni Maya Ram Jain Marg, Netaji Subhash Place, Shakurpur, New Delhi, Delhi, India", "country": "India", "state": "Delhi", "city": "New Delhi", "pin_code": "110034", "latitude": "28.6974888", "longitude": "77.150516", "location": "SRID=4326;POINT (77.150516 28.6974888)", "created_at": "2024-10-23T11:47:20.250Z", "modified_at": "2024-10-24T14:29:52.513Z"}}, {"model": "accounts.userprofile", "pk": 8, "fields": {"user": 8, "profile_picture": "user/profle_pictures/profile-picture-5_aptsBDu.PNG", "cover_photo": "user/cover_photo/cover-photo-5_hkc7j62.PNG", "address": "Janakpuri West, District Centre, Janakpuri, Delhi, India", "country": "India", "state": "Delhi", "city": "Delhi", "pin_code": "110018", "latitude": "28.62947", "longitude": "77.07777", "location": "SRID=4326;POINT (77.07777 28.62947)", "created_at": "2024-10-23T11:48:10.879Z", "modified_at": "2024-10-24T12:42:06.426Z"}}, {"model": "accounts.userprofile", "pk": 10, "fields": {"user": 14, "profile_picture": "user/profle_pictures/profile-picture-2_CnZg1UV.PNG", "cover_photo": "user/cover_photo/cover-photo-4_66xtqpm.PNG", "address": "Vasant Kunj B5 and 6 Park, Vasant Kunj, New Delhi, Delhi, India", "country": "India", "state": "Delhi", "city": "New Delhi", "pin_code": "110067", "latitude": "28.5276966", "longitude": "77.1634351", "location": "SRID=4326;POINT (77.1634351 28.5276966)", "created_at": "2024-10-28T06:55:39.531Z", "modified_at": "2024-10-28T09:21:26.086Z"}}, {"model": "vendor.vendor", "pk": 1, "fields": {"user": 4, "user_profile": 4, "vendor_name": "Restaurant-ABC", "vendor_slug": "restaurant-abc-4", "vendor_license": "vendor/license/veg-pizza-600x600_ZTgWDsr.jpg", "is_approved": true, "created_at": "2024-10-23T11:36:50.493Z", "modified_at": "2024-10-23T11:37:42.387Z"}}, {"model": "vendor.vendor", "pk": 2, "fields": {"user": 5, "user_profile": 5, "vendor_name": "Restaurant-XYZ", "vendor_slug": "restaurant-xyz-5", "vendor_license": "vendor/license/veg-pizza-600x600_X7Z5pq3.jpg", "is_approved": true, "created_at": "2024-10-23T11:45:28.163Z", "modified_at": "2024-10-23T11:50:26.772Z"}}, {"model": "vendor.vendor", "pk": 3, "fields": {"user": 6, "user_profile": 6, "vendor_name": "Restaurant-QRS", "vendor_slug": "restaurant-qrs-6", "vendor_license": "vendor/license/veg-pizza-600x600_CmK8ubA.jpg", "is_approved": true, "created_at": "2024-10-23T11:46:30.066Z", "modified_at": "2024-10-23T11:57:25.233Z"}}, {"model": "vendor.vendor", "pk": 4, "fields": {"user": 7, "user_profile": 7, "vendor_name": "Fourth Restaurant", "vendor_slug": "fourth-restaurant-7", "vendor_license": "vendor/license/veg-pizza-600x600_Fa3qqEs.jpg", "is_approved": true, "created_at": "2024-10-23T11:47:20.256Z", "modified_at": "2024-10-23T12:04:31.502Z"}}, {"model": "vendor.vendor", "pk": 5, "fields": {"user": 8, "user_profile": 8, "vendor_name": "Fifth Restaurant", "vendor_slug": "fifth-restaurant-8", "vendor_license": "vendor/license/veg-pizza-600x600_ih1Vu9K.jpg", "is_approved": true, "created_at": "2024-10-23T11:48:10.885Z", "modified_at": "2024-10-23T12:07:55.659Z"}}, {"model": "vendor.openinghour", "pk": 35, "fields": {"vendor": 1, "day": 1, "from_hour": "10:00 AM", "to_hour": "09:30 PM", "is_closed": false}}, {"model": "vendor.openinghour", "pk": 36, "fields": {"vendor": 1, "day": 2, "from_hour": "10:00 AM", "to_hour": "09:30 PM", "is_closed": false}}, {"model": "vendor.openinghour", "pk": 37, "fields": {"vendor": 1, "day": 3, "from_hour": "10:00 AM", "to_hour": "09:30 PM", "is_closed": false}}, {"model": "vendor.openinghour", "pk": 38, "fields": {"vendor": 1, "day": 5, "from_hour": "10:00 AM", "to_hour": "09:30 PM", "is_closed": false}}, {"model": "vendor.openinghour", "pk": 39, "fields": {"vendor": 1, "day": 4, "from_hour": "", "to_hour": "", "is_closed": true}}, {"model": "vendor.openinghour", "pk": 40, "fields": {"vendor": 1, "day": 6, "from_hour": "10:00 AM", "to_hour": "10:00 PM", "is_closed": false}}, {"model": "vendor.openinghour", "pk": 41, "fields": {"vendor": 1, "day": 7, "from_hour": "10:00 AM", "to_hour": "10:00 PM", "is_closed": false}}, {"model": "vendor.openinghour", "pk": 42, "fields": {"vendor": 2, "day": 1, "from_hour": "11:00 AM", "to_hour": "08:00 PM", "is_closed": false}}, {"model": "vendor.openinghour", "pk": 43, "fields": {"vendor": 2, "day": 2, "from_hour": "11:00 AM", "to_hour": "08:00 PM", "is_closed": false}}, {"model": "vendor.openinghour", "pk": 44, "fields": {"vendor": 2, "day": 3, "from_hour": "11:00 AM", "to_hour": "08:00 PM", "is_closed": false}}, {"model": "vendor.openinghour", "pk": 45, "fields": {"vendor": 2, "day": 4, "from_hour": "11:00 AM", "to_hour": "08:00 PM", "is_closed": false}}, {"model": "vendor.openinghour", "pk": 46, "fields": {"vendor": 2, "day": 5, "from_hour": "11:00 AM", "to_hour": "08:00 PM", "is_closed": false}}, {"model": "vendor.openinghour", "pk": 47, "fields": {"vendor": 2, "day": 6, "from_hour": "11:00 AM", "to_hour": "09:00 PM", "is_closed": false}}, {"model": "vendor.openinghour", "pk": 48, "fields": {"vendor": 2, "day": 7, "from_hour": "11:00 AM", "to_hour": "09:00 PM", "is_closed": false}}, {"model": "vendor.openinghour", "pk": 49, "fields": {"vendor": 3, "day": 1, "from_hour": "", "to_hour": "", "is_closed": true}}, {"model": "vendor.openinghour", "pk": 50, "fields": {"vendor": 3, "day": 2, "from_hour": "06:30 AM", "to_hour": "04:00 PM", "is_closed": false}}, {"model": "vendor.openinghour", "pk": 51, "fields": {"vendor": 3, "day": 3, "from_hour": "06:00 AM", "to_hour": "04:00 PM", "is_closed": false}}, {"model": "vendor.openinghour", "pk": 52, "fields": {"vendor": 3, "day": 4, "from_hour": "06:30 AM", "to_hour": "04:00 PM", "is_closed": false}}, {"model": "vendor.openinghour", "pk": 53, "fields": {"vendor": 3, "day": 5, "from_hour": "06:30 AM", "to_hour": "04:00 PM", "is_closed": false}}, {"model": "vendor.openinghour", "pk": 54, "fields": {"vendor": 3, "day": 6, "from_hour": "06:30 AM", "to_hour": "04:00 PM", "is_closed": false}}, {"model": "vendor.openinghour", "pk": 55, "fields": {"vendor": 3, "day": 7, "from_hour": "06:00 AM", "to_hour": "09:00 PM", "is_closed": false}}, {"model": "vendor.openinghour", "pk": 56, "fields": {"vendor": 4, "day": 5, "from_hour": "05:00 AM", "to_hour": "11:30 PM", "is_closed": false}}, {"model": "vendor.openinghour", "pk": 57, "fields": {"vendor": 4, "day": 6, "from_hour": "05:00 AM", "to_hour": "11:30 PM", "is_closed": false}}, {"model": "vendor.openinghour", "pk": 58, "fields": {"vendor": 4, "day": 7, "from_hour": "05:30 AM", "to_hour": "11:30 PM", "is_closed": false}}, {"model": "vendor.openinghour", "pk": 59, "fields": {"vendor": 4, "day": 4, "from_hour": "05:00 AM", "to_hour": "11:30 PM", "is_closed": false}}, {"model": "menu.category", "pk": 1, "fields": {"vendor": 1, "category_name": "Chicken", "slug": "chicken-1", "description": "", "created_at": "2024-10-23T11:37:52.210Z", "updated_at": "2024-10-23T11:37:52.213Z"}}, {"model": "menu.category", "pk": 2, "fields": {"vendor": 1, "category_name": "Continental", "slug": "continental-2", "description": "Continental", "created_at": "2024-10-23T11:39:23.009Z", "updated_at": "2024-10-23T11:39:23.010Z"}}, {"model": "menu.category", "pk": 3, "fields": {"vendor": 2, "category_name": "Chicken", "slug": "chicken-3", "description": "", "created_at": "2024-10-23T11:50:37.375Z", "updated_at": "2024-10-23T11:50:37.377Z"}}, {"model": "menu.category", "pk": 4, "fields": {"vendor": 2, "category_name": "Seafood", "slug": "seafood-4", "description": "", "created_at": "2024-10-23T11:50:43.339Z", "updated_at": "2024-10-23T11:50:43.341Z"}}, {"model": "menu.category", "pk": 5, "fields": {"vendor": 2, "category_name": "Pizza", "slug": "pizza-5", "description": "", "created_at": "2024-10-23T11:50:57.440Z", "updated_at": "2024-10-23T11:50:57.441Z"}}, {"model": "menu.category", "pk": 6, "fields": {"vendor": 3, "category_name": "Seafood", "slug": "seafood-6", "description": "", "created_at": "2024-10-23T11:57:40.994Z", "updated_at": "2024-10-23T11:57:40.996Z"}}, {"model": "menu.category", "pk": 7, "fields": {"vendor": 3, "category_name": "Rice", "slug": "rice-7", "description": "", "created_at": "2024-10-23T11:57:53.932Z", "updated_at": "2024-10-23T11:57:53.934Z"}}, {"model": "menu.category", "pk": 8, "fields": {"vendor": 3, "category_name": "Chicken", "slug": "chicken-8", "description": "", "created_at": "2024-10-23T11:59:57.438Z", "updated_at": "2024-10-23T11:59:57.440Z"}}, {"model": "menu.category", "pk": 9, "fields": {"vendor": 4, "category_name": "Pizza", "slug": "pizza-9", "description": "", "created_at": "2024-10-23T12:04:48.908Z", "updated_at": "2024-10-23T12:04:48.912Z"}}, {"model": "menu.category", "pk": 10, "fields": {"vendor": 5, "category_name": "Continental", "slug": "continental-10", "description": "", "created_at": "2024-10-23T12:09:29.339Z", "updated_at": "2024-10-23T12:09:29.340Z"}}, {"model": "menu.category", "pk": 11, "fields": {"vendor": 5, "category_name": "Seafood", "slug": "seafood-11", "description": "", "created_at": "2024-10-23T12:09:39.620Z", "updated_at": "2024-10-23T12:09:39.622Z"}}, {"model": "menu.category", "pk": 12, "fields": {"vendor": 5, "category_name": "Indian", "slug": "indian-12", "description": "", "created_at": "2024-10-23T12:09:47.554Z", "updated_at": "2024-10-23T12:09:47.556Z"}}, {"model": "menu.fooditem", "pk": 1, "fields": {"vendor": 1, "category": 1, "food_title": "Pan fried chicken", "slug": "pan-fried-chicken", "description": "Pan fried chicken", "price": "12.00", "image": "foodimages/Pan-Fried-Chicken-600x600_hBHviHd.jpg", "is_available": true, "created_at": "2024-10-23T11:38:27.885Z", "updated_at": "2024-10-23T11:38:27.885Z"}}, {"model": "menu.fooditem", "pk": 2, "fields": {"vendor": 1, "category": 1, "food_title": "Barbecue Chicken", "slug": "barbecue-chicken", "description": "Barbecue Chicken", "price": "20.00", "image": "foodimages/chicken-barbeque_rd3RzO2.jpg", "is_available": true, "created_at": "2024-10-23T11:38:58.684Z", "updated_at": "2024-10-23T11:38:58.684Z"}}, {"model": "menu.fooditem", "pk": 3, "fields": {"vendor": 1, "category": 2, "food_title": "Pizza", "slug": "pizza", "description": "Pizza", "price": "16.00", "image": "foodimages/italian-pizza-600x600_01hcfDT.jpg", "is_available": true, "created_at": "2024-10-23T11:39:48.993Z", "updated_at": "2024-10-23T11:39:48.993Z"}}, {"model": "menu.fooditem", "pk": 4, "fields": {"vendor": 2, "category": 3, "food_title": "Tandoori Chicken", "slug": "tandoori-chicken", "description": "", "price": "14.00", "image": "foodimages/chicken-barbeque_M0EchgE.jpg", "is_available": true, "created_at": "2024-10-23T11:51:23.214Z", "updated_at": "2024-10-23T11:51:23.214Z"}}, {"model": "menu.fooditem", "pk": 5, "fields": {"vendor": 2, "category": 4, "food_title": "Tuna Fish", "slug": "tuna-fish", "description": "", "price": "16.00", "image": "foodimages/tuna-fish.jpg", "is_available": true, "created_at": "2024-10-23T11:51:45.963Z", "updated_at": "2024-10-23T11:51:45.963Z"}}, {"model": "menu.fooditem", "pk": 6, "fields": {"vendor": 2, "category": 5, "food_title": "Veg Pizza", "slug": "veg-pizza", "description": "", "price": "10.00", "image": "foodimages/veg-pizza-600x600.jpg", "is_available": true, "created_at": "2024-10-23T11:52:13.527Z", "updated_at": "2024-10-23T11:52:13.527Z"}}, {"model": "menu.fooditem", "pk": 7, "fields": {"vendor": 2, "category": 5, "food_title": "Italian Pizza", "slug": "italian-pizza", "description": "", "price": "16.00", "image": "foodimages/italian-pizza-600x600_3XGAUhb.jpg", "is_available": true, "created_at": "2024-10-23T11:54:45.749Z", "updated_at": "2024-10-23T11:54:45.749Z"}}, {"model": "menu.fooditem", "pk": 8, "fields": {"vendor": 2, "category": 3, "food_title": "Chicken 65", "slug": "chicken-65", "description": "", "price": "15.00", "image": "foodimages/chicken-600x600_YbabQPo.jpg", "is_available": true, "created_at": "2024-10-23T11:56:19.988Z", "updated_at": "2024-10-23T11:56:19.988Z"}}, {"model": "menu.fooditem", "pk": 9, "fields": {"vendor": 3, "category": 6, "food_title": "Prawns", "slug": "prawns", "description": "", "price": "18.00", "image": "foodimages/seafood-600x600_3VfAaEu.jpg", "is_available": true, "created_at": "2024-10-23T11:58:19.561Z", "updated_at": "2024-10-23T11:58:19.561Z"}}, {"model": "menu.fooditem", "pk": 10, "fields": {"vendor": 3, "category": 6, "food_title": "Fish curry", "slug": "fish-curry", "description": "", "price": "16.00", "image": "foodimages/tuna-fish_CDVsW6b.jpg", "is_available": true, "created_at": "2024-10-23T11:58:51.525Z", "updated_at": "2024-10-23T11:58:51.525Z"}}, {"model": "menu.fooditem", "pk": 11, "fields": {"vendor": 3, "category": 7, "food_title": "Sticky Rice", "slug": "sticky-rice", "description": "", "price": "8.00", "image": "foodimages/rice-bowl_9B5GZny.jpg", "is_available": true, "created_at": "2024-10-23T11:59:12.325Z", "updated_at": "2024-10-23T11:59:12.325Z"}}, {"model": "menu.fooditem", "pk": 12, "fields": {"vendor": 3, "category": 7, "food_title": "Steam Rice", "slug": "steam-rice", "description": "", "price": "6.00", "image": "foodimages/steam-rice_Kzw86PX.jpg", "is_available": true, "created_at": "2024-10-23T11:59:32.022Z", "updated_at": "2024-10-23T11:59:32.022Z"}}, {"model": "menu.fooditem", "pk": 13, "fields": {"vendor": 3, "category": 8, "food_title": "Chicken Curry", "slug": "chicken-curry", "description": "", "price": "16.00", "image": "foodimages/chicken-600x600_4ukRpRm.jpg", "is_available": true, "created_at": "2024-10-23T12:00:25.077Z", "updated_at": "2024-10-23T12:00:25.077Z"}}, {"model": "menu.fooditem", "pk": 15, "fields": {"vendor": 3, "category": 8, "food_title": "Chicken Barra", "slug": "chicken-barra", "description": "", "price": "18.00", "image": "foodimages/chicken-barbeque_hOqnKr2.jpg", "is_available": true, "created_at": "2024-10-23T12:01:47.671Z", "updated_at": "2024-10-23T12:01:47.671Z"}}, {"model": "menu.fooditem", "pk": 16, "fields": {"vendor": 4, "category": 9, "food_title": "Supereme Pizza", "slug": "supereme-pizza", "description": "", "price": "16.00", "image": "foodimages/veg-pizza-600x600_YyXqQdn.jpg", "is_available": true, "created_at": "2024-10-23T12:05:42.705Z", "updated_at": "2024-10-23T12:05:42.705Z"}}, {"model": "menu.fooditem", "pk": 17, "fields": {"vendor": 4, "category": 9, "food_title": "Napoli Pizza", "slug": "napoli-pizza", "description": "", "price": "22.00", "image": "foodimages/italian-pizza-600x600_JPdvcKk.jpg", "is_available": true, "created_at": "2024-10-23T12:06:31.015Z", "updated_at": "2024-10-23T12:07:10.497Z"}}, {"model": "menu.fooditem", "pk": 18, "fields": {"vendor": 4, "category": 9, "food_title": "Farm Fresh Pizza", "slug": "farm-fresh-pizza", "description": "", "price": "14.00", "image": "foodimages/pizza-600x600_rfAFW6A.jpg", "is_available": true, "created_at": "2024-10-23T12:06:54.575Z", "updated_at": "2024-10-23T12:06:54.575Z"}}, {"model": "menu.fooditem", "pk": 19, "fields": {"vendor": 5, "category": 10, "food_title": "Penne Pasta", "slug": "penne-pasta", "description": "", "price": "16.00", "image": "foodimages/italian-pizza-600x600_EkYAA8L.jpg", "is_available": true, "created_at": "2024-10-23T12:10:07.542Z", "updated_at": "2024-10-23T12:10:07.543Z"}}, {"model": "menu.fooditem", "pk": 20, "fields": {"vendor": 5, "category": 10, "food_title": "Arabetta Pasta", "slug": "arabetta-pasta", "description": "", "price": "17.95", "image": "foodimages/brand_pic3_2HVznS7.jpg", "is_available": true, "created_at": "2024-10-23T12:10:50.605Z", "updated_at": "2024-10-23T12:10:50.605Z"}}, {"model": "menu.fooditem", "pk": 21, "fields": {"vendor": 5, "category": 11, "food_title": "Seafood platter", "slug": "seafood-platter", "description": "", "price": "18.00", "image": "foodimages/seafood-600x600_8iNTX02.jpg", "is_available": true, "created_at": "2024-10-23T12:11:22.774Z", "updated_at": "2024-10-23T12:11:22.774Z"}}, {"model": "menu.fooditem", "pk": 22, "fields": {"vendor": 5, "category": 11, "food_title": "King Prawn", "slug": "king-prawn", "description": "", "price": "25.00", "image": "foodimages/seafood-600x600_NhzM5Nq.jpg", "is_available": true, "created_at": "2024-10-23T12:11:45.991Z", "updated_at": "2024-10-23T12:11:45.991Z"}}, {"model": "menu.fooditem", "pk": 23, "fields": {"vendor": 5, "category": 12, "food_title": "Malaki Chicken Tikka", "slug": "malaki-chicken-tikka", "description": "", "price": "18.00", "image": "foodimages/chicken-600x600_ZnXDn5H.jpg", "is_available": true, "created_at": "2024-10-23T12:12:20.432Z", "updated_at": "2024-10-23T12:12:20.432Z"}}, {"model": "menu.fooditem", "pk": 24, "fields": {"vendor": 5, "category": 12, "food_title": "Veg Thali", "slug": "veg-thali", "description": "", "price": "20.00", "image": "foodimages/veg-pizza-600x600_VeREpjQ.jpg", "is_available": true, "created_at": "2024-10-23T12:13:40.908Z", "updated_at": "2024-10-23T12:13:40.908Z"}}, {"model": "marketplace.tax", "pk": 1, "fields": {"tax_type": "CGST", "tax_percentage": "8.00", "is_active": true}}, {"model": "marketplace.tax", "pk": 2, "fields": {"tax_type": "SCST", "tax_percentage": "9.00", "is_active": true}}, {"model": "orders.payment", "pk": 16, "fields": {"user": 2, "transaction_id": "1HS5955085625963B", "payment_method": "PayPal", "amount": "179.01", "status": "COMPLETED", "created_at": "2024-10-26T11:30:29.500Z"}}, {"model": "orders.payment", "pk": 17, "fields": {"user": 2, "transaction_id": "6525740958052525G", "payment_method": "PayPal", "amount": "71.37", "status": "COMPLETED", "created_at": "2024-10-26T11:31:57.453Z"}}, {"model": "orders.payment", "pk": 18, "fields": {"user": 2, "transaction_id": "7BW55515M3274681S", "payment_method": "PayPal", "amount": "56.16", "status": "COMPLETED", "created_at": "2024-10-26T11:34:00.951Z"}}, {"model": "orders.payment", "pk": 19, "fields": {"user": 4, "transaction_id": "29644406UW068793S", "payment_method": "PayPal", "amount": "132.21", "status": "COMPLETED", "created_at": "2024-10-26T13:09:59.683Z"}}, {"model": "orders.payment", "pk": 20, "fields": {"user": 2, "transaction_id": "79K70461VD910905P", "payment_method": "PayPal", "amount": "169.6", "status": "COMPLETED", "created_at": "2024-10-26T14:10:01.687Z"}}, {"model": "orders.payment", "pk": 21, "fields": {"user": 2, "transaction_id": "9DH090723N006520H", "payment_method": "PayPal", "amount": "81.9", "status": "COMPLETED", "created_at": "2024-10-26T15:32:21.032Z"}}, {"model": "orders.payment", "pk": 22, "fields": {"user": 14, "transaction_id": "6UV57694NS237584W", "payment_method": "PayPal", "amount": "53.82", "status": "COMPLETED", "created_at": "2024-10-28T07:30:04.639Z"}}, {"model": "orders.payment", "pk": 23, "fields": {"user": 14, "transaction_id": "2JP53365GS919651P", "payment_method": "PayPal", "amount": "53.82", "status": "COMPLETED", "created_at": "2024-10-28T07:31:28.374Z"}}, {"model": "orders.payment", "pk": 24, "fields": {"user": 14, "transaction_id": "98090205HB9281903", "payment_method": "PayPal", "amount": "53.82", "status": "COMPLETED", "created_at": "2024-10-28T07:32:40.731Z"}}, {"model": "orders.payment", "pk": 25, "fields": {"user": 14, "transaction_id": "2RV18474AK433583T", "payment_method": "PayPal", "amount": "53.82", "status": "COMPLETED", "created_at": "2024-10-28T07:34:13.303Z"}}, {"model": "orders.payment", "pk": 26, "fields": {"user": 14, "transaction_id": "4VG05588DN0734922", "payment_method": "PayPal", "amount": "53.82", "status": "COMPLETED", "created_at": "2024-10-28T07:35:23.961Z"}}, {"model": "orders.payment", "pk": 27, "fields": {"user": 14, "transaction_id": "4B8652425G031850J", "payment_method": "PayPal", "amount": "53.82", "status": "COMPLETED", "created_at": "2024-10-28T08:03:17.051Z"}}, {"model": "orders.payment", "pk": 28, "fields": {"user": 14, "transaction_id": "58A11403BY196562W", "payment_method": "PayPal", "amount": "90.09", "status": "COMPLETED", "created_at": "2024-10-28T08:05:24.664Z"}}, {"model": "orders.payment", "pk": 29, "fields": {"user": 14, "transaction_id": "6B932201GS148450H", "payment_method": "PayPal", "amount": "90.09", "status": "COMPLETED", "created_at": "2024-10-28T08:06:09.187Z"}}, {"model": "orders.payment", "pk": 30, "fields": {"user": 14, "transaction_id": "9TH79806PC175820T", "payment_method": "PayPal", "amount": "90.09", "status": "COMPLETED", "created_at": "2024-10-28T08:07:19.546Z"}}, {"model": "orders.payment", "pk": 31, "fields": {"user": 14, "transaction_id": "71D227579W288770U", "payment_method": "PayPal", "amount": "90.09", "status": "COMPLETED", "created_at": "2024-10-28T08:08:03.079Z"}}, {"model": "orders.payment", "pk": 32, "fields": {"user": 14, "transaction_id": "74R74375G31598318", "payment_method": "PayPal", "amount": "53.82", "status": "COMPLETED", "created_at": "2024-10-28T09:01:43.075Z"}}, {"model": "orders.payment", "pk": 33, "fields": {"user": 14, "transaction_id": "2BD5851745397473E", "payment_method": "PayPal", "amount": "67.86", "status": "COMPLETED", "created_at": "2024-10-28T09:03:23.853Z"}}, {"model": "orders.payment", "pk": 34, "fields": {"user": 14, "transaction_id": "5W404341NE584980M", "payment_method": "PayPal", "amount": "67.86", "status": "COMPLETED", "created_at": "2024-10-28T09:07:55.213Z"}}, {"model": "orders.payment", "pk": 35, "fields": {"user": 14, "transaction_id": "4401632372102584C", "payment_method": "PayPal", "amount": "90.09", "status": "COMPLETED", "created_at": "2024-10-28T09:12:01.204Z"}}, {"model": "orders.order", "pk": 36, "fields": {"user": 4, "payment": 19, "order_number": "20241026183936", "first_name": "Restaurant", "last_name": "1", "phone": "", "email": "restaurant1@gmail.com", "address": "Chattarpur Mandir, Chhatarpur Extension, Chhatarpur, New Delhi, Delhi, India", "country": "India", "state": "Delhi", "city": "New Delhi", "pin_code": "110074", "total": 132.21, "tax_data": "{\"CGST\": {\"8.00\": 9.04}, \"SCST\": {\"9.00\": 10.17}}", "total_data": null, "total_tax": 19.21, "payment_method": "PayPal", "status": "New", "is_ordered": true, "created_at": "2024-10-26T13:09:39.097Z", "updated_at": "2024-10-26T13:09:59.684Z", "vendors": [1, 2]}}, {"model": "orders.order", "pk": 49, "fields": {"user": 2, "payment": 20, "order_number": "20241026193949", "first_name": "Navneet", "last_name": "Gill", "phone": "1234567890", "email": "customer1@gmail.com", "address": "Arjun Nagar, Safdarjung Enclave, New Delhi, Delhi, India", "country": "India", "state": "Delhi", "city": "New Delhi", "pin_code": "110029", "total": 169.6, "tax_data": "{\"CGST\": {\"8.00\": 11.60}, \"SCST\": {\"9.00\": 13.05}}", "total_data": "{\"1\": {\"52.00\": \"{'CGST': {'8.00': '4.16'}, 'SCST': {'9.00': '4.68'}}\"}, \"2\": {\"43.00\": \"{'CGST': {'8.00': '3.44'}, 'SCST': {'9.00': '3.87'}}\"}, \"5\": {\"49.95\": \"{'CGST': {'8.00': '4.00'}, 'SCST': {'9.00': '4.50'}}\"}}", "total_tax": 24.65, "payment_method": "PayPal", "status": "New", "is_ordered": true, "created_at": "2024-10-26T14:09:04.462Z", "updated_at": "2024-10-26T14:10:01.688Z", "vendors": [1, 2, 5]}}, {"model": "orders.order", "pk": 50, "fields": {"user": 2, "payment": 21, "order_number": "20241026210150", "first_name": "Navneet", "last_name": "Gill", "phone": "1234567890", "email": "customer1@gmail.com", "address": "Arjun Nagar, Safdarjung Enclave, New Delhi, Delhi, India", "country": "India", "state": "Delhi", "city": "New Delhi", "pin_code": "110029", "total": 81.9, "tax_data": "{\"CGST\": {\"8.00\": 5.60}, \"SCST\": {\"9.00\": 6.30}}", "total_data": "{\"1\": {\"32.00\": \"{'CGST': {'8.00': '2.56'}, 'SCST': {'9.00': '2.88'}}\"}, \"4\": {\"38.00\": \"{'CGST': {'8.00': '3.04'}, 'SCST': {'9.00': '3.42'}}\"}}", "total_tax": 11.9, "payment_method": "PayPal", "status": "New", "is_ordered": true, "created_at": "2024-10-26T15:31:12.803Z", "updated_at": "2024-10-26T15:32:21.034Z", "vendors": [1, 4]}}, {"model": "orders.order", "pk": 51, "fields": {"user": 14, "payment": 22, "order_number": "20241028125951", "first_name": "Navneet", "last_name": "Singh", "phone": "1234567890", "email": "navneet.yt57@gmail.com", "address": "Vasant Kunj B5 and 6 Park, Vasant Kunj, New Delhi, Delhi, India", "country": "India", "state": "Delhi", "city": "New Delhi", "pin_code": "110067", "total": 53.82, "tax_data": "{\"CGST\": {\"8.00\": 3.68}, \"SCST\": {\"9.00\": 4.14}}", "total_data": "{\"1\": {\"32.00\": \"{'CGST': {'8.00': '2.56'}, 'SCST': {'9.00': '2.88'}}\"}, \"2\": {\"14.00\": \"{'CGST': {'8.00': '1.12'}, 'SCST': {'9.00': '1.26'}}\"}}", "total_tax": 7.82, "payment_method": "PayPal", "status": "New", "is_ordered": true, "created_at": "2024-10-28T07:29:41.179Z", "updated_at": "2024-10-28T07:30:04.641Z", "vendors": [1, 2]}}, {"model": "orders.order", "pk": 52, "fields": {"user": 14, "payment": 23, "order_number": "20241028130152", "first_name": "Navneet", "last_name": "Singh", "phone": "1234567890", "email": "navneet.yt57@gmail.com", "address": "Vasant Kunj B5 and 6 Park, Vasant Kunj, New Delhi, Delhi, India", "country": "India", "state": "Delhi", "city": "New Delhi", "pin_code": "110067", "total": 53.82, "tax_data": "{\"CGST\": {\"8.00\": 3.68}, \"SCST\": {\"9.00\": 4.14}}", "total_data": "{\"1\": {\"32.00\": \"{'CGST': {'8.00': '2.56'}, 'SCST': {'9.00': '2.88'}}\"}, \"2\": {\"14.00\": \"{'CGST': {'8.00': '1.12'}, 'SCST': {'9.00': '1.26'}}\"}}", "total_tax": 7.82, "payment_method": "PayPal", "status": "New", "is_ordered": true, "created_at": "2024-10-28T07:31:15.358Z", "updated_at": "2024-10-28T07:31:28.376Z", "vendors": [1, 2]}}, {"model": "orders.order", "pk": 53, "fields": {"user": 14, "payment": 32, "order_number": "20241028130253", "first_name": "Navneet", "last_name": "Singh", "phone": "1234567890", "email": "navneet.yt57@gmail.com", "address": "Vasant Kunj B5 and 6 Park, Vasant Kunj, New Delhi, Delhi, India", "country": "India", "state": "Delhi", "city": "New Delhi", "pin_code": "110067", "total": 53.82, "tax_data": "{\"CGST\": {\"8.00\": 3.68}, \"SCST\": {\"9.00\": 4.14}}", "total_data": "{\"1\": {\"32.00\": \"{'CGST': {'8.00': '2.56'}, 'SCST': {'9.00': '2.88'}}\"}, \"2\": {\"14.00\": \"{'CGST': {'8.00': '1.12'}, 'SCST': {'9.00': '1.26'}}\"}}", "total_tax": 7.82, "payment_method": "PayPal", "status": "New", "is_ordered": true, "created_at": "2024-10-28T07:32:24.092Z", "updated_at": "2024-10-28T09:01:43.078Z", "vendors": [1, 2]}}, {"model": "orders.order", "pk": 54, "fields": {"user": 14, "payment": 28, "order_number": "20241028133554", "first_name": "Navneet", "last_name": "Singh", "phone": "1234567890", "email": "navneet.yt57@gmail.com", "address": "Vasant Kunj B5 and 6 Park, Vasant Kunj, New Delhi, Delhi, India", "country": "India", "state": "Delhi", "city": "New Delhi", "pin_code": "110067", "total": 90.09, "tax_data": "{\"CGST\": {\"8.00\": 6.16}, \"SCST\": {\"9.00\": 6.93}}", "total_data": "{\"1\": {\"48.00\": \"{'CGST': {'8.00': '3.84'}, 'SCST': {'9.00': '4.32'}}\"}, \"2\": {\"29.00\": \"{'CGST': {'8.00': '2.32'}, 'SCST': {'9.00': '2.61'}}\"}}", "total_tax": 13.09, "payment_method": "PayPal", "status": "New", "is_ordered": true, "created_at": "2024-10-28T08:05:12.141Z", "updated_at": "2024-10-28T08:05:24.665Z", "vendors": [1, 2]}}, {"model": "orders.order", "pk": 55, "fields": {"user": 14, "payment": 29, "order_number": "20241028133555", "first_name": "Navneet", "last_name": "Singh", "phone": "1234567890", "email": "navneet.yt57@gmail.com", "address": "Vasant Kunj B5 and 6 Park, Vasant Kunj, New Delhi, Delhi, India", "country": "India", "state": "Delhi", "city": "New Delhi", "pin_code": "110067", "total": 90.09, "tax_data": "{\"CGST\": {\"8.00\": 6.16}, \"SCST\": {\"9.00\": 6.93}}", "total_data": "{\"1\": {\"48.00\": \"{'CGST': {'8.00': '3.84'}, 'SCST': {'9.00': '4.32'}}\"}, \"2\": {\"29.00\": \"{'CGST': {'8.00': '2.32'}, 'SCST': {'9.00': '2.61'}}\"}}", "total_tax": 13.09, "payment_method": "PayPal", "status": "New", "is_ordered": true, "created_at": "2024-10-28T08:05:57.049Z", "updated_at": "2024-10-28T08:06:09.188Z", "vendors": [1, 2]}}, {"model": "orders.order", "pk": 56, "fields": {"user": 14, "payment": 30, "order_number": "20241028133756", "first_name": "Navneet", "last_name": "Singh", "phone": "1234567890", "email": "navneet.yt57@gmail.com", "address": "Vasant Kunj B5 and 6 Park, Vasant Kunj, New Delhi, Delhi, India", "country": "India", "state": "Delhi", "city": "New Delhi", "pin_code": "110067", "total": 90.09, "tax_data": "{\"CGST\": {\"8.00\": 6.16}, \"SCST\": {\"9.00\": 6.93}}", "total_data": "{\"1\": {\"48.00\": \"{'CGST': {'8.00': '3.84'}, 'SCST': {'9.00': '4.32'}}\"}, \"2\": {\"29.00\": \"{'CGST': {'8.00': '2.32'}, 'SCST': {'9.00': '2.61'}}\"}}", "total_tax": 13.09, "payment_method": "PayPal", "status": "New", "is_ordered": true, "created_at": "2024-10-28T08:07:07.195Z", "updated_at": "2024-10-28T08:07:19.547Z", "vendors": [1, 2]}}, {"model": "orders.order", "pk": 57, "fields": {"user": 14, "payment": 31, "order_number": "20241028133757", "first_name": "Navneet", "last_name": "Singh", "phone": "1234567890", "email": "navneet.yt57@gmail.com", "address": "Vasant Kunj B5 and 6 Park, Vasant Kunj, New Delhi, Delhi, India", "country": "India", "state": "Delhi", "city": "New Delhi", "pin_code": "110067", "total": 90.09, "tax_data": "{\"CGST\": {\"8.00\": 6.16}, \"SCST\": {\"9.00\": 6.93}}", "total_data": "{\"1\": {\"48.00\": \"{'CGST': {'8.00': '3.84'}, 'SCST': {'9.00': '4.32'}}\"}, \"2\": {\"29.00\": \"{'CGST': {'8.00': '2.32'}, 'SCST': {'9.00': '2.61'}}\"}}", "total_tax": 13.09, "payment_method": "PayPal", "status": "New", "is_ordered": true, "created_at": "2024-10-28T08:07:49.422Z", "updated_at": "2024-10-28T08:08:03.080Z", "vendors": [1, 2]}}, {"model": "orders.order", "pk": 58, "fields": {"user": 14, "payment": 33, "order_number": "20241028143358", "first_name": "Navneet", "last_name": "Singh", "phone": "1234567890", "email": "navneet.yt57@gmail.com", "address": "Vasant Kunj B5 and 6 Park, Vasant Kunj, New Delhi, Delhi, India", "country": "India", "state": "Delhi", "city": "New Delhi", "pin_code": "110067", "total": 67.86, "tax_data": "{\"CGST\": {\"8.00\": 4.64}, \"SCST\": {\"9.00\": 5.22}}", "total_data": "{\"1\": {\"32.00\": \"{'CGST': {'8.00': '2.56'}, 'SCST': {'9.00': '2.88'}}\"}, \"2\": {\"26.00\": \"{'CGST': {'8.00': '2.08'}, 'SCST': {'9.00': '2.34'}}\"}}", "total_tax": 9.86, "payment_method": "PayPal", "status": "New", "is_ordered": true, "created_at": "2024-10-28T09:03:12.981Z", "updated_at": "2024-10-28T09:03:23.854Z", "vendors": [1, 2]}}, {"model": "orders.order", "pk": 59, "fields": {"user": 14, "payment": 34, "order_number": "20241028143759", "first_name": "Navneet", "last_name": "Singh", "phone": "1234567890", "email": "navneet.yt57@gmail.com", "address": "Vasant Kunj B5 and 6 Park, Vasant Kunj, New Delhi, Delhi, India", "country": "India", "state": "Delhi", "city": "New Delhi", "pin_code": "110067", "total": 67.86, "tax_data": "{\"CGST\": {\"8.00\": 4.64}, \"SCST\": {\"9.00\": 5.22}}", "total_data": "{\"1\": {\"32.00\": \"{'CGST': {'8.00': '2.56'}, 'SCST': {'9.00': '2.88'}}\"}, \"2\": {\"26.00\": \"{'CGST': {'8.00': '2.08'}, 'SCST': {'9.00': '2.34'}}\"}}", "total_tax": 9.86, "payment_method": "PayPal", "status": "New", "is_ordered": true, "created_at": "2024-10-28T09:07:37.496Z", "updated_at": "2024-10-28T09:07:55.214Z", "vendors": [1, 2]}}, {"model": "orders.order", "pk": 60, "fields": {"user": 14, "payment": 35, "order_number": "20241028144160", "first_name": "Navneet", "last_name": "Singh", "phone": "1234567890", "email": "navneet.yt57@gmail.com", "address": "Vasant Kunj B5 and 6 Park, Vasant Kunj, New Delhi, Delhi, India", "country": "India", "state": "Delhi", "city": "New Delhi", "pin_code": "110067", "total": 90.09, "tax_data": "{\"CGST\": {\"8.00\": 6.16}, \"SCST\": {\"9.00\": 6.93}}", "total_data": "{\"2\": {\"29.00\": \"{'CGST': {'8.00': '2.32'}, 'SCST': {'9.00': '2.61'}}\"}, \"1\": {\"48.00\": \"{'CGST': {'8.00': '3.84'}, 'SCST': {'9.00': '4.32'}}\"}}", "total_tax": 13.09, "payment_method": "PayPal", "status": "New", "is_ordered": true, "created_at": "2024-10-28T09:11:45.153Z", "updated_at": "2024-10-28T09:12:01.206Z", "vendors": [1, 2]}}, {"model": "orders.orderedfood", "pk": 75, "fields": {"order": 36, "payment": 19, "user": 4, "fooditem": 4, "quantity": 1, "price": 14.0, "amount": 14.0, "created_at": "2024-10-26T13:09:59.688Z", "updated_at": "2024-10-26T13:09:59.688Z"}}, {"model": "orders.orderedfood", "pk": 76, "fields": {"order": 36, "payment": 19, "user": 4, "fooditem": 8, "quantity": 1, "price": 15.0, "amount": 15.0, "created_at": "2024-10-26T13:09:59.690Z", "updated_at": "2024-10-26T13:09:59.690Z"}}, {"model": "orders.orderedfood", "pk": 77, "fields": {"order": 36, "payment": 19, "user": 4, "fooditem": 2, "quantity": 3, "price": 20.0, "amount": 60.0, "created_at": "2024-10-26T13:09:59.692Z", "updated_at": "2024-10-26T13:09:59.692Z"}}, {"model": "orders.orderedfood", "pk": 78, "fields": {"order": 36, "payment": 19, "user": 4, "fooditem": 1, "quantity": 2, "price": 12.0, "amount": 24.0, "created_at": "2024-10-26T13:09:59.693Z", "updated_at": "2024-10-26T13:09:59.693Z"}}, {"model": "orders.orderedfood", "pk": 79, "fields": {"order": 49, "payment": 20, "user": 2, "fooditem": 1, "quantity": 1, "price": 12.0, "amount": 12.0, "created_at": "2024-10-26T14:10:01.692Z", "updated_at": "2024-10-26T14:10:01.692Z"}}, {"model": "orders.orderedfood", "pk": 80, "fields": {"order": 49, "payment": 20, "user": 2, "fooditem": 8, "quantity": 1, "price": 15.0, "amount": 15.0, "created_at": "2024-10-26T14:10:01.694Z", "updated_at": "2024-10-26T14:10:01.694Z"}}, {"model": "orders.orderedfood", "pk": 81, "fields": {"order": 49, "payment": 20, "user": 2, "fooditem": 20, "quantity": 1, "price": 17.95, "amount": 17.95, "created_at": "2024-10-26T14:10:01.695Z", "updated_at": "2024-10-26T14:10:01.695Z"}}, {"model": "orders.orderedfood", "pk": 82, "fields": {"order": 49, "payment": 20, "user": 2, "fooditem": 4, "quantity": 2, "price": 14.0, "amount": 28.0, "created_at": "2024-10-26T14:10:01.697Z", "updated_at": "2024-10-26T14:10:01.697Z"}}, {"model": "orders.orderedfood", "pk": 83, "fields": {"order": 49, "payment": 20, "user": 2, "fooditem": 2, "quantity": 2, "price": 20.0, "amount": 40.0, "created_at": "2024-10-26T14:10:01.699Z", "updated_at": "2024-10-26T14:10:01.699Z"}}, {"model": "orders.orderedfood", "pk": 84, "fields": {"order": 49, "payment": 20, "user": 2, "fooditem": 19, "quantity": 2, "price": 16.0, "amount": 32.0, "created_at": "2024-10-26T14:10:01.701Z", "updated_at": "2024-10-26T14:10:01.701Z"}}, {"model": "orders.orderedfood", "pk": 85, "fields": {"order": 50, "payment": 21, "user": 2, "fooditem": 1, "quantity": 1, "price": 12.0, "amount": 12.0, "created_at": "2024-10-26T15:32:21.038Z", "updated_at": "2024-10-26T15:32:21.038Z"}}, {"model": "orders.orderedfood", "pk": 86, "fields": {"order": 50, "payment": 21, "user": 2, "fooditem": 2, "quantity": 1, "price": 20.0, "amount": 20.0, "created_at": "2024-10-26T15:32:21.041Z", "updated_at": "2024-10-26T15:32:21.041Z"}}, {"model": "orders.orderedfood", "pk": 87, "fields": {"order": 50, "payment": 21, "user": 2, "fooditem": 16, "quantity": 1, "price": 16.0, "amount": 16.0, "created_at": "2024-10-26T15:32:21.043Z", "updated_at": "2024-10-26T15:32:21.043Z"}}, {"model": "orders.orderedfood", "pk": 88, "fields": {"order": 50, "payment": 21, "user": 2, "fooditem": 17, "quantity": 1, "price": 22.0, "amount": 22.0, "created_at": "2024-10-26T15:32:21.047Z", "updated_at": "2024-10-26T15:32:21.047Z"}}, {"model": "orders.orderedfood", "pk": 89, "fields": {"order": 51, "payment": 22, "user": 14, "fooditem": 1, "quantity": 1, "price": 12.0, "amount": 12.0, "created_at": "2024-10-28T07:30:04.644Z", "updated_at": "2024-10-28T07:30:04.644Z"}}, {"model": "orders.orderedfood", "pk": 90, "fields": {"order": 51, "payment": 22, "user": 14, "fooditem": 2, "quantity": 1, "price": 20.0, "amount": 20.0, "created_at": "2024-10-28T07:30:04.646Z", "updated_at": "2024-10-28T07:30:04.646Z"}}, {"model": "orders.orderedfood", "pk": 91, "fields": {"order": 51, "payment": 22, "user": 14, "fooditem": 4, "quantity": 1, "price": 14.0, "amount": 14.0, "created_at": "2024-10-28T07:30:04.647Z", "updated_at": "2024-10-28T07:30:04.647Z"}}, {"model": "orders.orderedfood", "pk": 92, "fields": {"order": 52, "payment": 23, "user": 14, "fooditem": 1, "quantity": 1, "price": 12.0, "amount": 12.0, "created_at": "2024-10-28T07:31:28.384Z", "updated_at": "2024-10-28T07:31:28.384Z"}}, {"model": "orders.orderedfood", "pk": 93, "fields": {"order": 52, "payment": 23, "user": 14, "fooditem": 2, "quantity": 1, "price": 20.0, "amount": 20.0, "created_at": "2024-10-28T07:31:28.391Z", "updated_at": "2024-10-28T07:31:28.391Z"}}, {"model": "orders.orderedfood", "pk": 94, "fields": {"order": 52, "payment": 23, "user": 14, "fooditem": 4, "quantity": 1, "price": 14.0, "amount": 14.0, "created_at": "2024-10-28T07:31:28.400Z", "updated_at": "2024-10-28T07:31:28.400Z"}}, {"model": "orders.orderedfood", "pk": 95, "fields": {"order": 53, "payment": 24, "user": 14, "fooditem": 1, "quantity": 1, "price": 12.0, "amount": 12.0, "created_at": "2024-10-28T07:32:40.734Z", "updated_at": "2024-10-28T07:32:40.734Z"}}, {"model": "orders.orderedfood", "pk": 96, "fields": {"order": 53, "payment": 24, "user": 14, "fooditem": 2, "quantity": 1, "price": 20.0, "amount": 20.0, "created_at": "2024-10-28T07:32:40.736Z", "updated_at": "2024-10-28T07:32:40.736Z"}}, {"model": "orders.orderedfood", "pk": 97, "fields": {"order": 53, "payment": 24, "user": 14, "fooditem": 4, "quantity": 1, "price": 14.0, "amount": 14.0, "created_at": "2024-10-28T07:32:40.737Z", "updated_at": "2024-10-28T07:32:40.737Z"}}, {"model": "orders.orderedfood", "pk": 98, "fields": {"order": 54, "payment": 28, "user": 14, "fooditem": 1, "quantity": 1, "price": 12.0, "amount": 12.0, "created_at": "2024-10-28T08:05:24.669Z", "updated_at": "2024-10-28T08:05:24.669Z"}}, {"model": "orders.orderedfood", "pk": 99, "fields": {"order": 54, "payment": 28, "user": 14, "fooditem": 2, "quantity": 1, "price": 20.0, "amount": 20.0, "created_at": "2024-10-28T08:05:24.671Z", "updated_at": "2024-10-28T08:05:24.671Z"}}, {"model": "orders.orderedfood", "pk": 100, "fields": {"order": 54, "payment": 28, "user": 14, "fooditem": 3, "quantity": 1, "price": 16.0, "amount": 16.0, "created_at": "2024-10-28T08:05:24.672Z", "updated_at": "2024-10-28T08:05:24.672Z"}}, {"model": "orders.orderedfood", "pk": 101, "fields": {"order": 54, "payment": 28, "user": 14, "fooditem": 4, "quantity": 1, "price": 14.0, "amount": 14.0, "created_at": "2024-10-28T08:05:24.674Z", "updated_at": "2024-10-28T08:05:24.674Z"}}, {"model": "orders.orderedfood", "pk": 102, "fields": {"order": 54, "payment": 28, "user": 14, "fooditem": 8, "quantity": 1, "price": 15.0, "amount": 15.0, "created_at": "2024-10-28T08:05:24.675Z", "updated_at": "2024-10-28T08:05:24.675Z"}}, {"model": "orders.orderedfood", "pk": 103, "fields": {"order": 55, "payment": 29, "user": 14, "fooditem": 1, "quantity": 1, "price": 12.0, "amount": 12.0, "created_at": "2024-10-28T08:06:09.192Z", "updated_at": "2024-10-28T08:06:09.192Z"}}, {"model": "orders.orderedfood", "pk": 104, "fields": {"order": 55, "payment": 29, "user": 14, "fooditem": 2, "quantity": 1, "price": 20.0, "amount": 20.0, "created_at": "2024-10-28T08:06:09.194Z", "updated_at": "2024-10-28T08:06:09.194Z"}}, {"model": "orders.orderedfood", "pk": 105, "fields": {"order": 55, "payment": 29, "user": 14, "fooditem": 3, "quantity": 1, "price": 16.0, "amount": 16.0, "created_at": "2024-10-28T08:06:09.195Z", "updated_at": "2024-10-28T08:06:09.195Z"}}, {"model": "orders.orderedfood", "pk": 106, "fields": {"order": 55, "payment": 29, "user": 14, "fooditem": 4, "quantity": 1, "price": 14.0, "amount": 14.0, "created_at": "2024-10-28T08:06:09.197Z", "updated_at": "2024-10-28T08:06:09.197Z"}}, {"model": "orders.orderedfood", "pk": 107, "fields": {"order": 55, "payment": 29, "user": 14, "fooditem": 8, "quantity": 1, "price": 15.0, "amount": 15.0, "created_at": "2024-10-28T08:06:09.200Z", "updated_at": "2024-10-28T08:06:09.200Z"}}, {"model": "orders.orderedfood", "pk": 108, "fields": {"order": 56, "payment": 30, "user": 14, "fooditem": 1, "quantity": 1, "price": 12.0, "amount": 12.0, "created_at": "2024-10-28T08:07:19.549Z", "updated_at": "2024-10-28T08:07:19.549Z"}}, {"model": "orders.orderedfood", "pk": 109, "fields": {"order": 56, "payment": 30, "user": 14, "fooditem": 2, "quantity": 1, "price": 20.0, "amount": 20.0, "created_at": "2024-10-28T08:07:19.551Z", "updated_at": "2024-10-28T08:07:19.551Z"}}, {"model": "orders.orderedfood", "pk": 110, "fields": {"order": 56, "payment": 30, "user": 14, "fooditem": 3, "quantity": 1, "price": 16.0, "amount": 16.0, "created_at": "2024-10-28T08:07:19.552Z", "updated_at": "2024-10-28T08:07:19.552Z"}}, {"model": "orders.orderedfood", "pk": 111, "fields": {"order": 56, "payment": 30, "user": 14, "fooditem": 4, "quantity": 1, "price": 14.0, "amount": 14.0, "created_at": "2024-10-28T08:07:19.553Z", "updated_at": "2024-10-28T08:07:19.553Z"}}, {"model": "orders.orderedfood", "pk": 112, "fields": {"order": 56, "payment": 30, "user": 14, "fooditem": 8, "quantity": 1, "price": 15.0, "amount": 15.0, "created_at": "2024-10-28T08:07:19.554Z", "updated_at": "2024-10-28T08:07:19.554Z"}}, {"model": "orders.orderedfood", "pk": 113, "fields": {"order": 57, "payment": 31, "user": 14, "fooditem": 1, "quantity": 1, "price": 12.0, "amount": 12.0, "created_at": "2024-10-28T08:08:03.082Z", "updated_at": "2024-10-28T08:08:03.082Z"}}, {"model": "orders.orderedfood", "pk": 114, "fields": {"order": 57, "payment": 31, "user": 14, "fooditem": 2, "quantity": 1, "price": 20.0, "amount": 20.0, "created_at": "2024-10-28T08:08:03.084Z", "updated_at": "2024-10-28T08:08:03.084Z"}}, {"model": "orders.orderedfood", "pk": 115, "fields": {"order": 57, "payment": 31, "user": 14, "fooditem": 3, "quantity": 1, "price": 16.0, "amount": 16.0, "created_at": "2024-10-28T08:08:03.085Z", "updated_at": "2024-10-28T08:08:03.085Z"}}, {"model": "orders.orderedfood", "pk": 116, "fields": {"order": 57, "payment": 31, "user": 14, "fooditem": 4, "quantity": 1, "price": 14.0, "amount": 14.0, "created_at": "2024-10-28T08:08:03.085Z", "updated_at": "2024-10-28T08:08:03.085Z"}}, {"model": "orders.orderedfood", "pk": 117, "fields": {"order": 57, "payment": 31, "user": 14, "fooditem": 8, "quantity": 1, "price": 15.0, "amount": 15.0, "created_at": "2024-10-28T08:08:03.086Z", "updated_at": "2024-10-28T08:08:03.086Z"}}, {"model": "orders.orderedfood", "pk": 118, "fields": {"order": 58, "payment": 33, "user": 14, "fooditem": 1, "quantity": 1, "price": 12.0, "amount": 12.0, "created_at": "2024-10-28T09:03:23.858Z", "updated_at": "2024-10-28T09:03:23.858Z"}}, {"model": "orders.orderedfood", "pk": 119, "fields": {"order": 58, "payment": 33, "user": 14, "fooditem": 2, "quantity": 1, "price": 20.0, "amount": 20.0, "created_at": "2024-10-28T09:03:23.861Z", "updated_at": "2024-10-28T09:03:23.861Z"}}, {"model": "orders.orderedfood", "pk": 120, "fields": {"order": 58, "payment": 33, "user": 14, "fooditem": 7, "quantity": 1, "price": 16.0, "amount": 16.0, "created_at": "2024-10-28T09:03:23.862Z", "updated_at": "2024-10-28T09:03:23.862Z"}}, {"model": "orders.orderedfood", "pk": 121, "fields": {"order": 58, "payment": 33, "user": 14, "fooditem": 6, "quantity": 1, "price": 10.0, "amount": 10.0, "created_at": "2024-10-28T09:03:23.863Z", "updated_at": "2024-10-28T09:03:23.863Z"}}, {"model": "orders.orderedfood", "pk": 122, "fields": {"order": 59, "payment": 34, "user": 14, "fooditem": 1, "quantity": 1, "price": 12.0, "amount": 12.0, "created_at": "2024-10-28T09:07:55.219Z", "updated_at": "2024-10-28T09:07:55.219Z"}}, {"model": "orders.orderedfood", "pk": 123, "fields": {"order": 59, "payment": 34, "user": 14, "fooditem": 2, "quantity": 1, "price": 20.0, "amount": 20.0, "created_at": "2024-10-28T09:07:55.220Z", "updated_at": "2024-10-28T09:07:55.220Z"}}, {"model": "orders.orderedfood", "pk": 124, "fields": {"order": 59, "payment": 34, "user": 14, "fooditem": 6, "quantity": 1, "price": 10.0, "amount": 10.0, "created_at": "2024-10-28T09:07:55.222Z", "updated_at": "2024-10-28T09:07:55.222Z"}}, {"model": "orders.orderedfood", "pk": 125, "fields": {"order": 59, "payment": 34, "user": 14, "fooditem": 5, "quantity": 1, "price": 16.0, "amount": 16.0, "created_at": "2024-10-28T09:07:55.223Z", "updated_at": "2024-10-28T09:07:55.223Z"}}, {"model": "orders.orderedfood", "pk": 126, "fields": {"order": 60, "payment": 35, "user": 14, "fooditem": 4, "quantity": 1, "price": 14.0, "amount": 14.0, "created_at": "2024-10-28T09:12:01.211Z", "updated_at": "2024-10-28T09:12:01.211Z"}}, {"model": "orders.orderedfood", "pk": 127, "fields": {"order": 60, "payment": 35, "user": 14, "fooditem": 8, "quantity": 1, "price": 15.0, "amount": 15.0, "created_at": "2024-10-28T09:12:01.214Z", "updated_at": "2024-10-28T09:12:01.214Z"}}, {"model": "orders.orderedfood", "pk": 128, "fields": {"order": 60, "payment": 35, "user": 14, "fooditem": 1, "quantity": 1, "price": 12.0, "amount": 12.0, "created_at": "2024-10-28T09:12:01.215Z", "updated_at": "2024-10-28T09:12:01.215Z"}}, {"model": "orders.orderedfood", "pk": 129, "fields": {"order": 60, "payment": 35, "user": 14, "fooditem": 2, "quantity": 1, "price": 20.0, "amount": 20.0, "created_at": "2024-10-28T09:12:01.216Z", "updated_at": "2024-10-28T09:12:01.216Z"}}, {"model": "orders.orderedfood", "pk": 130, "fields": {"order": 60, "payment": 35, "user": 14, "fooditem": 3, "quantity": 1, "price": 16.0, "amount": 16.0, "created_at": "2024-10-28T09:12:01.217Z", "updated_at": "2024-10-28T09:12:01.217Z"}}]